design_id,recipe_id,output_name,power_switch,tech_lib,tech_lib_path,tech_runtime_path,tech_super_path,tech_map,tech_lib_command
ac97_ctrl_orig,abc0,ac97_ctrl_orig_abc0_opt,13169.38,cadence.genlib,C:\Users\daksh\Desktop\Semester 6\CS533 - ML for EDA\abc-master\tech_lib\cadence.genlib,C:\Users\daksh\AppData\Local\Temp\abc_tech_lib\cadence.genlib,C:\Users\daksh\AppData\Local\Temp\abc_tech_lib\cadence.super,map -B 0.9,read_library /mnt/c/Users/daksh/AppData/Local/Temp/abc_tech_lib/cadence.genlib
ac97_ctrl_orig,abc1,ac97_ctrl_orig_abc1_opt,11577.09,cadence.genlib,C:\Users\daksh\Desktop\Semester 6\CS533 - ML for EDA\abc-master\tech_lib\cadence.genlib,C:\Users\daksh\AppData\Local\Temp\abc_tech_lib\cadence.genlib,C:\Users\daksh\AppData\Local\Temp\abc_tech_lib\cadence.super,map -B 0.9,read_library /mnt/c/Users/daksh/AppData/Local/Temp/abc_tech_lib/cadence.genlib
ac97_ctrl_orig,abc10,ac97_ctrl_orig_abc10_opt,13657.26,cadence.genlib,C:\Users\daksh\Desktop\Semester 6\CS533 - ML for EDA\abc-master\tech_lib\cadence.genlib,C:\Users\daksh\AppData\Local\Temp\abc_tech_lib\cadence.genlib,C:\Users\daksh\AppData\Local\Temp\abc_tech_lib\cadence.super,map -B 0.9,read_library /mnt/c/Users/daksh/AppData/Local/Temp/abc_tech_lib/cadence.genlib
ac97_ctrl_orig,abc11,ac97_ctrl_orig_abc11_opt,11368.75,cadence.genlib,C:\Users\daksh\Desktop\Semester 6\CS533 - ML for EDA\abc-master\tech_lib\cadence.genlib,C:\Users\daksh\AppData\Local\Temp\abc_tech_lib\cadence.genlib,C:\Users\daksh\AppData\Local\Temp\abc_tech_lib\cadence.super,map -B 0.9,read_library /mnt/c/Users/daksh/AppData/Local/Temp/abc_tech_lib/cadence.genlib
ac97_ctrl_orig,abc12,ac97_ctrl_orig_abc12_opt,11262.45,cadence.genlib,C:\Users\daksh\Desktop\Semester 6\CS533 - ML for EDA\abc-master\tech_lib\cadence.genlib,C:\Users\daksh\AppData\Local\Temp\abc_tech_lib\cadence.genlib,C:\Users\daksh\AppData\Local\Temp\abc_tech_lib\cadence.super,map -B 0.9,read_library /mnt/c/Users/daksh/AppData/Local/Temp/abc_tech_lib/cadence.genlib
ac97_ctrl_orig,abc13,ac97_ctrl_orig_abc13_opt,11865.94,cadence.genlib,C:\Users\daksh\Desktop\Semester 6\CS533 - ML for EDA\abc-master\tech_lib\cadence.genlib,C:\Users\daksh\AppData\Local\Temp\abc_tech_lib\cadence.genlib,C:\Users\daksh\AppData\Local\Temp\abc_tech_lib\cadence.super,map -B 0.9,read_library /mnt/c/Users/daksh/AppData/Local/Temp/abc_tech_lib/cadence.genlib
ac97_ctrl_orig,abc14,ac97_ctrl_orig_abc14_opt,12079.41,cadence.genlib,C:\Users\daksh\Desktop\Semester 6\CS533 - ML for EDA\abc-master\tech_lib\cadence.genlib,C:\Users\daksh\AppData\Local\Temp\abc_tech_lib\cadence.genlib,C:\Users\daksh\AppData\Local\Temp\abc_tech_lib\cadence.super,map -B 0.9,read_library /mnt/c/Users/daksh/AppData/Local/Temp/abc_tech_lib/cadence.genlib
ac97_ctrl_orig,abc15,ac97_ctrl_orig_abc15_opt,12272.42,cadence.genlib,C:\Users\daksh\Desktop\Semester 6\CS533 - ML for EDA\abc-master\tech_lib\cadence.genlib,C:\Users\daksh\AppData\Local\Temp\abc_tech_lib\cadence.genlib,C:\Users\daksh\AppData\Local\Temp\abc_tech_lib\cadence.super,map -B 0.9,read_library /mnt/c/Users/daksh/AppData/Local/Temp/abc_tech_lib/cadence.genlib
ac97_ctrl_orig,abc2,ac97_ctrl_orig_abc2_opt,11781.45,cadence.genlib,C:\Users\daksh\Desktop\Semester 6\CS533 - ML for EDA\abc-master\tech_lib\cadence.genlib,C:\Users\daksh\AppData\Local\Temp\abc_tech_lib\cadence.genlib,C:\Users\daksh\AppData\Local\Temp\abc_tech_lib\cadence.super,map -B 0.9,read_library /mnt/c/Users/daksh/AppData/Local/Temp/abc_tech_lib/cadence.genlib
ac97_ctrl_orig,abc3,ac97_ctrl_orig_abc3_opt,12695.25,cadence.genlib,C:\Users\daksh\Desktop\Semester 6\CS533 - ML for EDA\abc-master\tech_lib\cadence.genlib,C:\Users\daksh\AppData\Local\Temp\abc_tech_lib\cadence.genlib,C:\Users\daksh\AppData\Local\Temp\abc_tech_lib\cadence.super,map -B 0.9,read_library /mnt/c/Users/daksh/AppData/Local/Temp/abc_tech_lib/cadence.genlib
ac97_ctrl_orig,abc4,ac97_ctrl_orig_abc4_opt,11656.58,cadence.genlib,C:\Users\daksh\Desktop\Semester 6\CS533 - ML for EDA\abc-master\tech_lib\cadence.genlib,C:\Users\daksh\AppData\Local\Temp\abc_tech_lib\cadence.genlib,C:\Users\daksh\AppData\Local\Temp\abc_tech_lib\cadence.super,map -B 0.9,read_library /mnt/c/Users/daksh/AppData/Local/Temp/abc_tech_lib/cadence.genlib
ac97_ctrl_orig,abc5,ac97_ctrl_orig_abc5_opt,12280.69,cadence.genlib,C:\Users\daksh\Desktop\Semester 6\CS533 - ML for EDA\abc-master\tech_lib\cadence.genlib,C:\Users\daksh\AppData\Local\Temp\abc_tech_lib\cadence.genlib,C:\Users\daksh\AppData\Local\Temp\abc_tech_lib\cadence.super,map -B 0.9,read_library /mnt/c/Users/daksh/AppData/Local/Temp/abc_tech_lib/cadence.genlib
ac97_ctrl_orig,abc6,ac97_ctrl_orig_abc6_opt,11288.99,cadence.genlib,C:\Users\daksh\Desktop\Semester 6\CS533 - ML for EDA\abc-master\tech_lib\cadence.genlib,C:\Users\daksh\AppData\Local\Temp\abc_tech_lib\cadence.genlib,C:\Users\daksh\AppData\Local\Temp\abc_tech_lib\cadence.super,map -B 0.9,read_library /mnt/c/Users/daksh/AppData/Local/Temp/abc_tech_lib/cadence.genlib
ac97_ctrl_orig,abc7,ac97_ctrl_orig_abc7_opt,12713.35,cadence.genlib,C:\Users\daksh\Desktop\Semester 6\CS533 - ML for EDA\abc-master\tech_lib\cadence.genlib,C:\Users\daksh\AppData\Local\Temp\abc_tech_lib\cadence.genlib,C:\Users\daksh\AppData\Local\Temp\abc_tech_lib\cadence.super,map -B 0.9,read_library /mnt/c/Users/daksh/AppData/Local/Temp/abc_tech_lib/cadence.genlib
ac97_ctrl_orig,abc8,ac97_ctrl_orig_abc8_opt,11143.07,cadence.genlib,C:\Users\daksh\Desktop\Semester 6\CS533 - ML for EDA\abc-master\tech_lib\cadence.genlib,C:\Users\daksh\AppData\Local\Temp\abc_tech_lib\cadence.genlib,C:\Users\daksh\AppData\Local\Temp\abc_tech_lib\cadence.super,map -B 0.9,read_library /mnt/c/Users/daksh/AppData/Local/Temp/abc_tech_lib/cadence.genlib
ac97_ctrl_orig,abc9,ac97_ctrl_orig_abc9_opt,12298.29,cadence.genlib,C:\Users\daksh\Desktop\Semester 6\CS533 - ML for EDA\abc-master\tech_lib\cadence.genlib,C:\Users\daksh\AppData\Local\Temp\abc_tech_lib\cadence.genlib,C:\Users\daksh\AppData\Local\Temp\abc_tech_lib\cadence.super,map -B 0.9,read_library /mnt/c/Users/daksh/AppData/Local/Temp/abc_tech_lib/cadence.genlib
aes_orig,abc0,aes_orig_abc0_opt,18304.12,cadence.genlib,C:\Users\daksh\Desktop\Semester 6\CS533 - ML for EDA\abc-master\tech_lib\cadence.genlib,C:\Users\daksh\AppData\Local\Temp\abc_tech_lib\cadence.genlib,C:\Users\daksh\AppData\Local\Temp\abc_tech_lib\cadence.super,map -B 0.9,read_library /mnt/c/Users/daksh/AppData/Local/Temp/abc_tech_lib/cadence.genlib
aes_orig,abc1,aes_orig_abc1_opt,19304.29,cadence.genlib,C:\Users\daksh\Desktop\Semester 6\CS533 - ML for EDA\abc-master\tech_lib\cadence.genlib,C:\Users\daksh\AppData\Local\Temp\abc_tech_lib\cadence.genlib,C:\Users\daksh\AppData\Local\Temp\abc_tech_lib\cadence.super,map -B 0.9,read_library /mnt/c/Users/daksh/AppData/Local/Temp/abc_tech_lib/cadence.genlib
aes_orig,abc10,aes_orig_abc10_opt,19532.75,cadence.genlib,C:\Users\daksh\Desktop\Semester 6\CS533 - ML for EDA\abc-master\tech_lib\cadence.genlib,C:\Users\daksh\AppData\Local\Temp\abc_tech_lib\cadence.genlib,C:\Users\daksh\AppData\Local\Temp\abc_tech_lib\cadence.super,map -B 0.9,read_library /mnt/c/Users/daksh/AppData/Local/Temp/abc_tech_lib/cadence.genlib
aes_orig,abc11,aes_orig_abc11_opt,18073.37,cadence.genlib,C:\Users\daksh\Desktop\Semester 6\CS533 - ML for EDA\abc-master\tech_lib\cadence.genlib,C:\Users\daksh\AppData\Local\Temp\abc_tech_lib\cadence.genlib,C:\Users\daksh\AppData\Local\Temp\abc_tech_lib\cadence.super,map -B 0.9,read_library /mnt/c/Users/daksh/AppData/Local/Temp/abc_tech_lib/cadence.genlib
aes_orig,abc12,aes_orig_abc12_opt,18810.73,cadence.genlib,C:\Users\daksh\Desktop\Semester 6\CS533 - ML for EDA\abc-master\tech_lib\cadence.genlib,C:\Users\daksh\AppData\Local\Temp\abc_tech_lib\cadence.genlib,C:\Users\daksh\AppData\Local\Temp\abc_tech_lib\cadence.super,map -B 0.9,read_library /mnt/c/Users/daksh/AppData/Local/Temp/abc_tech_lib/cadence.genlib
aes_orig,abc13,aes_orig_abc13_opt,18425.48,cadence.genlib,C:\Users\daksh\Desktop\Semester 6\CS533 - ML for EDA\abc-master\tech_lib\cadence.genlib,C:\Users\daksh\AppData\Local\Temp\abc_tech_lib\cadence.genlib,C:\Users\daksh\AppData\Local\Temp\abc_tech_lib\cadence.super,map -B 0.9,read_library /mnt/c/Users/daksh/AppData/Local/Temp/abc_tech_lib/cadence.genlib
aes_orig,abc14,aes_orig_abc14_opt,18903.83,cadence.genlib,C:\Users\daksh\Desktop\Semester 6\CS533 - ML for EDA\abc-master\tech_lib\cadence.genlib,C:\Users\daksh\AppData\Local\Temp\abc_tech_lib\cadence.genlib,C:\Users\daksh\AppData\Local\Temp\abc_tech_lib\cadence.super,map -B 0.9,read_library /mnt/c/Users/daksh/AppData/Local/Temp/abc_tech_lib/cadence.genlib
aes_orig,abc15,aes_orig_abc15_opt,18683.84,cadence.genlib,C:\Users\daksh\Desktop\Semester 6\CS533 - ML for EDA\abc-master\tech_lib\cadence.genlib,C:\Users\daksh\AppData\Local\Temp\abc_tech_lib\cadence.genlib,C:\Users\daksh\AppData\Local\Temp\abc_tech_lib\cadence.super,map -B 0.9,read_library /mnt/c/Users/daksh/AppData/Local/Temp/abc_tech_lib/cadence.genlib
aes_orig,abc2,aes_orig_abc2_opt,19242.5,cadence.genlib,C:\Users\daksh\Desktop\Semester 6\CS533 - ML for EDA\abc-master\tech_lib\cadence.genlib,C:\Users\daksh\AppData\Local\Temp\abc_tech_lib\cadence.genlib,C:\Users\daksh\AppData\Local\Temp\abc_tech_lib\cadence.super,map -B 0.9,read_library /mnt/c/Users/daksh/AppData/Local/Temp/abc_tech_lib/cadence.genlib
aes_orig,abc3,aes_orig_abc3_opt,19662.52,cadence.genlib,C:\Users\daksh\Desktop\Semester 6\CS533 - ML for EDA\abc-master\tech_lib\cadence.genlib,C:\Users\daksh\AppData\Local\Temp\abc_tech_lib\cadence.genlib,C:\Users\daksh\AppData\Local\Temp\abc_tech_lib\cadence.super,map -B 0.9,read_library /mnt/c/Users/daksh/AppData/Local/Temp/abc_tech_lib/cadence.genlib
aes_orig,abc4,aes_orig_abc4_opt,18557.5,cadence.genlib,C:\Users\daksh\Desktop\Semester 6\CS533 - ML for EDA\abc-master\tech_lib\cadence.genlib,C:\Users\daksh\AppData\Local\Temp\abc_tech_lib\cadence.genlib,C:\Users\daksh\AppData\Local\Temp\abc_tech_lib\cadence.super,map -B 0.9,read_library /mnt/c/Users/daksh/AppData/Local/Temp/abc_tech_lib/cadence.genlib
aes_orig,abc5,aes_orig_abc5_opt,19741.61,cadence.genlib,C:\Users\daksh\Desktop\Semester 6\CS533 - ML for EDA\abc-master\tech_lib\cadence.genlib,C:\Users\daksh\AppData\Local\Temp\abc_tech_lib\cadence.genlib,C:\Users\daksh\AppData\Local\Temp\abc_tech_lib\cadence.super,map -B 0.9,read_library /mnt/c/Users/daksh/AppData/Local/Temp/abc_tech_lib/cadence.genlib
aes_orig,abc6,aes_orig_abc6_opt,20023.69,cadence.genlib,C:\Users\daksh\Desktop\Semester 6\CS533 - ML for EDA\abc-master\tech_lib\cadence.genlib,C:\Users\daksh\AppData\Local\Temp\abc_tech_lib\cadence.genlib,C:\Users\daksh\AppData\Local\Temp\abc_tech_lib\cadence.super,map -B 0.9,read_library /mnt/c/Users/daksh/AppData/Local/Temp/abc_tech_lib/cadence.genlib
aes_orig,abc7,aes_orig_abc7_opt,18539.91,cadence.genlib,C:\Users\daksh\Desktop\Semester 6\CS533 - ML for EDA\abc-master\tech_lib\cadence.genlib,C:\Users\daksh\AppData\Local\Temp\abc_tech_lib\cadence.genlib,C:\Users\daksh\AppData\Local\Temp\abc_tech_lib\cadence.super,map -B 0.9,read_library /mnt/c/Users/daksh/AppData/Local/Temp/abc_tech_lib/cadence.genlib
aes_orig,abc8,aes_orig_abc8_opt,18655.95,cadence.genlib,C:\Users\daksh\Desktop\Semester 6\CS533 - ML for EDA\abc-master\tech_lib\cadence.genlib,C:\Users\daksh\AppData\Local\Temp\abc_tech_lib\cadence.genlib,C:\Users\daksh\AppData\Local\Temp\abc_tech_lib\cadence.super,map -B 0.9,read_library /mnt/c/Users/daksh/AppData/Local/Temp/abc_tech_lib/cadence.genlib
aes_orig,abc9,aes_orig_abc9_opt,18451.92,cadence.genlib,C:\Users\daksh\Desktop\Semester 6\CS533 - ML for EDA\abc-master\tech_lib\cadence.genlib,C:\Users\daksh\AppData\Local\Temp\abc_tech_lib\cadence.genlib,C:\Users\daksh\AppData\Local\Temp\abc_tech_lib\cadence.super,map -B 0.9,read_library /mnt/c/Users/daksh/AppData/Local/Temp/abc_tech_lib/cadence.genlib
aes_secworks_orig,abc0,aes_secworks_orig_abc0_opt,22938.58,cadence.genlib,C:\Users\daksh\Desktop\Semester 6\CS533 - ML for EDA\abc-master\tech_lib\cadence.genlib,C:\Users\daksh\AppData\Local\Temp\abc_tech_lib\cadence.genlib,C:\Users\daksh\AppData\Local\Temp\abc_tech_lib\cadence.super,map -B 0.9,read_library /mnt/c/Users/daksh/AppData/Local/Temp/abc_tech_lib/cadence.genlib
aes_secworks_orig,abc1,aes_secworks_orig_abc1_opt,21912.39,cadence.genlib,C:\Users\daksh\Desktop\Semester 6\CS533 - ML for EDA\abc-master\tech_lib\cadence.genlib,C:\Users\daksh\AppData\Local\Temp\abc_tech_lib\cadence.genlib,C:\Users\daksh\AppData\Local\Temp\abc_tech_lib\cadence.super,map -B 0.9,read_library /mnt/c/Users/daksh/AppData/Local/Temp/abc_tech_lib/cadence.genlib
aes_secworks_orig,abc10,aes_secworks_orig_abc10_opt,24392.77,cadence.genlib,C:\Users\daksh\Desktop\Semester 6\CS533 - ML for EDA\abc-master\tech_lib\cadence.genlib,C:\Users\daksh\AppData\Local\Temp\abc_tech_lib\cadence.genlib,C:\Users\daksh\AppData\Local\Temp\abc_tech_lib\cadence.super,map -B 0.9,read_library /mnt/c/Users/daksh/AppData/Local/Temp/abc_tech_lib/cadence.genlib
aes_secworks_orig,abc11,aes_secworks_orig_abc11_opt,21556.69,cadence.genlib,C:\Users\daksh\Desktop\Semester 6\CS533 - ML for EDA\abc-master\tech_lib\cadence.genlib,C:\Users\daksh\AppData\Local\Temp\abc_tech_lib\cadence.genlib,C:\Users\daksh\AppData\Local\Temp\abc_tech_lib\cadence.super,map -B 0.9,read_library /mnt/c/Users/daksh/AppData/Local/Temp/abc_tech_lib/cadence.genlib
aes_secworks_orig,abc12,aes_secworks_orig_abc12_opt,23448.29,cadence.genlib,C:\Users\daksh\Desktop\Semester 6\CS533 - ML for EDA\abc-master\tech_lib\cadence.genlib,C:\Users\daksh\AppData\Local\Temp\abc_tech_lib\cadence.genlib,C:\Users\daksh\AppData\Local\Temp\abc_tech_lib\cadence.super,map -B 0.9,read_library /mnt/c/Users/daksh/AppData/Local/Temp/abc_tech_lib/cadence.genlib
aes_secworks_orig,abc13,aes_secworks_orig_abc13_opt,22725.79,cadence.genlib,C:\Users\daksh\Desktop\Semester 6\CS533 - ML for EDA\abc-master\tech_lib\cadence.genlib,C:\Users\daksh\AppData\Local\Temp\abc_tech_lib\cadence.genlib,C:\Users\daksh\AppData\Local\Temp\abc_tech_lib\cadence.super,map -B 0.9,read_library /mnt/c/Users/daksh/AppData/Local/Temp/abc_tech_lib/cadence.genlib
aes_secworks_orig,abc14,aes_secworks_orig_abc14_opt,22752.05,cadence.genlib,C:\Users\daksh\Desktop\Semester 6\CS533 - ML for EDA\abc-master\tech_lib\cadence.genlib,C:\Users\daksh\AppData\Local\Temp\abc_tech_lib\cadence.genlib,C:\Users\daksh\AppData\Local\Temp\abc_tech_lib\cadence.super,map -B 0.9,read_library /mnt/c/Users/daksh/AppData/Local/Temp/abc_tech_lib/cadence.genlib
aes_secworks_orig,abc15,aes_secworks_orig_abc15_opt,22687.17,cadence.genlib,C:\Users\daksh\Desktop\Semester 6\CS533 - ML for EDA\abc-master\tech_lib\cadence.genlib,C:\Users\daksh\AppData\Local\Temp\abc_tech_lib\cadence.genlib,C:\Users\daksh\AppData\Local\Temp\abc_tech_lib\cadence.super,map -B 0.9,read_library /mnt/c/Users/daksh/AppData/Local/Temp/abc_tech_lib/cadence.genlib
aes_secworks_orig,abc2,aes_secworks_orig_abc2_opt,23491.78,cadence.genlib,C:\Users\daksh\Desktop\Semester 6\CS533 - ML for EDA\abc-master\tech_lib\cadence.genlib,C:\Users\daksh\AppData\Local\Temp\abc_tech_lib\cadence.genlib,C:\Users\daksh\AppData\Local\Temp\abc_tech_lib\cadence.super,map -B 0.9,read_library /mnt/c/Users/daksh/AppData/Local/Temp/abc_tech_lib/cadence.genlib
aes_secworks_orig,abc3,aes_secworks_orig_abc3_opt,23379.05,cadence.genlib,C:\Users\daksh\Desktop\Semester 6\CS533 - ML for EDA\abc-master\tech_lib\cadence.genlib,C:\Users\daksh\AppData\Local\Temp\abc_tech_lib\cadence.genlib,C:\Users\daksh\AppData\Local\Temp\abc_tech_lib\cadence.super,map -B 0.9,read_library /mnt/c/Users/daksh/AppData/Local/Temp/abc_tech_lib/cadence.genlib
aes_secworks_orig,abc4,aes_secworks_orig_abc4_opt,22328.67,cadence.genlib,C:\Users\daksh\Desktop\Semester 6\CS533 - ML for EDA\abc-master\tech_lib\cadence.genlib,C:\Users\daksh\AppData\Local\Temp\abc_tech_lib\cadence.genlib,C:\Users\daksh\AppData\Local\Temp\abc_tech_lib\cadence.super,map -B 0.9,read_library /mnt/c/Users/daksh/AppData/Local/Temp/abc_tech_lib/cadence.genlib
aes_secworks_orig,abc5,aes_secworks_orig_abc5_opt,22914.78,cadence.genlib,C:\Users\daksh\Desktop\Semester 6\CS533 - ML for EDA\abc-master\tech_lib\cadence.genlib,C:\Users\daksh\AppData\Local\Temp\abc_tech_lib\cadence.genlib,C:\Users\daksh\AppData\Local\Temp\abc_tech_lib\cadence.super,map -B 0.9,read_library /mnt/c/Users/daksh/AppData/Local/Temp/abc_tech_lib/cadence.genlib
aes_secworks_orig,abc6,aes_secworks_orig_abc6_opt,23425.29,cadence.genlib,C:\Users\daksh\Desktop\Semester 6\CS533 - ML for EDA\abc-master\tech_lib\cadence.genlib,C:\Users\daksh\AppData\Local\Temp\abc_tech_lib\cadence.genlib,C:\Users\daksh\AppData\Local\Temp\abc_tech_lib\cadence.super,map -B 0.9,read_library /mnt/c/Users/daksh/AppData/Local/Temp/abc_tech_lib/cadence.genlib
aes_secworks_orig,abc7,aes_secworks_orig_abc7_opt,23413.74,cadence.genlib,C:\Users\daksh\Desktop\Semester 6\CS533 - ML for EDA\abc-master\tech_lib\cadence.genlib,C:\Users\daksh\AppData\Local\Temp\abc_tech_lib\cadence.genlib,C:\Users\daksh\AppData\Local\Temp\abc_tech_lib\cadence.super,map -B 0.9,read_library /mnt/c/Users/daksh/AppData/Local/Temp/abc_tech_lib/cadence.genlib
aes_secworks_orig,abc8,aes_secworks_orig_abc8_opt,23495.28,cadence.genlib,C:\Users\daksh\Desktop\Semester 6\CS533 - ML for EDA\abc-master\tech_lib\cadence.genlib,C:\Users\daksh\AppData\Local\Temp\abc_tech_lib\cadence.genlib,C:\Users\daksh\AppData\Local\Temp\abc_tech_lib\cadence.super,map -B 0.9,read_library /mnt/c/Users/daksh/AppData/Local/Temp/abc_tech_lib/cadence.genlib
aes_secworks_orig,abc9,aes_secworks_orig_abc9_opt,22862.5,cadence.genlib,C:\Users\daksh\Desktop\Semester 6\CS533 - ML for EDA\abc-master\tech_lib\cadence.genlib,C:\Users\daksh\AppData\Local\Temp\abc_tech_lib\cadence.genlib,C:\Users\daksh\AppData\Local\Temp\abc_tech_lib\cadence.super,map -B 0.9,read_library /mnt/c/Users/daksh/AppData/Local/Temp/abc_tech_lib/cadence.genlib
aes_xcrypt_orig,abc0,aes_xcrypt_orig_abc0_opt,20505.7,cadence.genlib,C:\Users\daksh\Desktop\Semester 6\CS533 - ML for EDA\abc-master\tech_lib\cadence.genlib,C:\Users\daksh\AppData\Local\Temp\abc_tech_lib\cadence.genlib,C:\Users\daksh\AppData\Local\Temp\abc_tech_lib\cadence.super,map -B 0.9,read_library /mnt/c/Users/daksh/AppData/Local/Temp/abc_tech_lib/cadence.genlib
aes_xcrypt_orig,abc1,aes_xcrypt_orig_abc1_opt,20862.09,cadence.genlib,C:\Users\daksh\Desktop\Semester 6\CS533 - ML for EDA\abc-master\tech_lib\cadence.genlib,C:\Users\daksh\AppData\Local\Temp\abc_tech_lib\cadence.genlib,C:\Users\daksh\AppData\Local\Temp\abc_tech_lib\cadence.super,map -B 0.9,read_library /mnt/c/Users/daksh/AppData/Local/Temp/abc_tech_lib/cadence.genlib
aes_xcrypt_orig,abc10,aes_xcrypt_orig_abc10_opt,21778.06,cadence.genlib,C:\Users\daksh\Desktop\Semester 6\CS533 - ML for EDA\abc-master\tech_lib\cadence.genlib,C:\Users\daksh\AppData\Local\Temp\abc_tech_lib\cadence.genlib,C:\Users\daksh\AppData\Local\Temp\abc_tech_lib\cadence.super,map -B 0.9,read_library /mnt/c/Users/daksh/AppData/Local/Temp/abc_tech_lib/cadence.genlib
aes_xcrypt_orig,abc11,aes_xcrypt_orig_abc11_opt,20850.31,cadence.genlib,C:\Users\daksh\Desktop\Semester 6\CS533 - ML for EDA\abc-master\tech_lib\cadence.genlib,C:\Users\daksh\AppData\Local\Temp\abc_tech_lib\cadence.genlib,C:\Users\daksh\AppData\Local\Temp\abc_tech_lib\cadence.super,map -B 0.9,read_library /mnt/c/Users/daksh/AppData/Local/Temp/abc_tech_lib/cadence.genlib
aes_xcrypt_orig,abc12,aes_xcrypt_orig_abc12_opt,21617.26,cadence.genlib,C:\Users\daksh\Desktop\Semester 6\CS533 - ML for EDA\abc-master\tech_lib\cadence.genlib,C:\Users\daksh\AppData\Local\Temp\abc_tech_lib\cadence.genlib,C:\Users\daksh\AppData\Local\Temp\abc_tech_lib\cadence.super,map -B 0.9,read_library /mnt/c/Users/daksh/AppData/Local/Temp/abc_tech_lib/cadence.genlib
aes_xcrypt_orig,abc13,aes_xcrypt_orig_abc13_opt,22238.73,cadence.genlib,C:\Users\daksh\Desktop\Semester 6\CS533 - ML for EDA\abc-master\tech_lib\cadence.genlib,C:\Users\daksh\AppData\Local\Temp\abc_tech_lib\cadence.genlib,C:\Users\daksh\AppData\Local\Temp\abc_tech_lib\cadence.super,map -B 0.9,read_library /mnt/c/Users/daksh/AppData/Local/Temp/abc_tech_lib/cadence.genlib
aes_xcrypt_orig,abc14,aes_xcrypt_orig_abc14_opt,21924.76,cadence.genlib,C:\Users\daksh\Desktop\Semester 6\CS533 - ML for EDA\abc-master\tech_lib\cadence.genlib,C:\Users\daksh\AppData\Local\Temp\abc_tech_lib\cadence.genlib,C:\Users\daksh\AppData\Local\Temp\abc_tech_lib\cadence.super,map -B 0.9,read_library /mnt/c/Users/daksh/AppData/Local/Temp/abc_tech_lib/cadence.genlib
aes_xcrypt_orig,abc15,aes_xcrypt_orig_abc15_opt,21285.5,cadence.genlib,C:\Users\daksh\Desktop\Semester 6\CS533 - ML for EDA\abc-master\tech_lib\cadence.genlib,C:\Users\daksh\AppData\Local\Temp\abc_tech_lib\cadence.genlib,C:\Users\daksh\AppData\Local\Temp\abc_tech_lib\cadence.super,map -B 0.9,read_library /mnt/c/Users/daksh/AppData/Local/Temp/abc_tech_lib/cadence.genlib
aes_xcrypt_orig,abc2,aes_xcrypt_orig_abc2_opt,21305.69,cadence.genlib,C:\Users\daksh\Desktop\Semester 6\CS533 - ML for EDA\abc-master\tech_lib\cadence.genlib,C:\Users\daksh\AppData\Local\Temp\abc_tech_lib\cadence.genlib,C:\Users\daksh\AppData\Local\Temp\abc_tech_lib\cadence.super,map -B 0.9,read_library /mnt/c/Users/daksh/AppData/Local/Temp/abc_tech_lib/cadence.genlib
aes_xcrypt_orig,abc3,aes_xcrypt_orig_abc3_opt,21453.25,cadence.genlib,C:\Users\daksh\Desktop\Semester 6\CS533 - ML for EDA\abc-master\tech_lib\cadence.genlib,C:\Users\daksh\AppData\Local\Temp\abc_tech_lib\cadence.genlib,C:\Users\daksh\AppData\Local\Temp\abc_tech_lib\cadence.super,map -B 0.9,read_library /mnt/c/Users/daksh/AppData/Local/Temp/abc_tech_lib/cadence.genlib
aes_xcrypt_orig,abc4,aes_xcrypt_orig_abc4_opt,21701.88,cadence.genlib,C:\Users\daksh\Desktop\Semester 6\CS533 - ML for EDA\abc-master\tech_lib\cadence.genlib,C:\Users\daksh\AppData\Local\Temp\abc_tech_lib\cadence.genlib,C:\Users\daksh\AppData\Local\Temp\abc_tech_lib\cadence.super,map -B 0.9,read_library /mnt/c/Users/daksh/AppData/Local/Temp/abc_tech_lib/cadence.genlib
aes_xcrypt_orig,abc5,aes_xcrypt_orig_abc5_opt,21264.58,cadence.genlib,C:\Users\daksh\Desktop\Semester 6\CS533 - ML for EDA\abc-master\tech_lib\cadence.genlib,C:\Users\daksh\AppData\Local\Temp\abc_tech_lib\cadence.genlib,C:\Users\daksh\AppData\Local\Temp\abc_tech_lib\cadence.super,map -B 0.9,read_library /mnt/c/Users/daksh/AppData/Local/Temp/abc_tech_lib/cadence.genlib
aes_xcrypt_orig,abc6,aes_xcrypt_orig_abc6_opt,21725.61,cadence.genlib,C:\Users\daksh\Desktop\Semester 6\CS533 - ML for EDA\abc-master\tech_lib\cadence.genlib,C:\Users\daksh\AppData\Local\Temp\abc_tech_lib\cadence.genlib,C:\Users\daksh\AppData\Local\Temp\abc_tech_lib\cadence.super,map -B 0.9,read_library /mnt/c/Users/daksh/AppData/Local/Temp/abc_tech_lib/cadence.genlib
aes_xcrypt_orig,abc7,aes_xcrypt_orig_abc7_opt,21525.47,cadence.genlib,C:\Users\daksh\Desktop\Semester 6\CS533 - ML for EDA\abc-master\tech_lib\cadence.genlib,C:\Users\daksh\AppData\Local\Temp\abc_tech_lib\cadence.genlib,C:\Users\daksh\AppData\Local\Temp\abc_tech_lib\cadence.super,map -B 0.9,read_library /mnt/c/Users/daksh/AppData/Local/Temp/abc_tech_lib/cadence.genlib
aes_xcrypt_orig,abc8,aes_xcrypt_orig_abc8_opt,20879.34,cadence.genlib,C:\Users\daksh\Desktop\Semester 6\CS533 - ML for EDA\abc-master\tech_lib\cadence.genlib,C:\Users\daksh\AppData\Local\Temp\abc_tech_lib\cadence.genlib,C:\Users\daksh\AppData\Local\Temp\abc_tech_lib\cadence.super,map -B 0.9,read_library /mnt/c/Users/daksh/AppData/Local/Temp/abc_tech_lib/cadence.genlib
aes_xcrypt_orig,abc9,aes_xcrypt_orig_abc9_opt,21056.12,cadence.genlib,C:\Users\daksh\Desktop\Semester 6\CS533 - ML for EDA\abc-master\tech_lib\cadence.genlib,C:\Users\daksh\AppData\Local\Temp\abc_tech_lib\cadence.genlib,C:\Users\daksh\AppData\Local\Temp\abc_tech_lib\cadence.super,map -B 0.9,read_library /mnt/c/Users/daksh/AppData/Local/Temp/abc_tech_lib/cadence.genlib
apex1_orig,abc0,apex1_orig_abc0_opt,896.89,cadence.genlib,C:\Users\daksh\Desktop\Semester 6\CS533 - ML for EDA\abc-master\tech_lib\cadence.genlib,C:\Users\daksh\AppData\Local\Temp\abc_tech_lib\cadence.genlib,C:\Users\daksh\AppData\Local\Temp\abc_tech_lib\cadence.super,map -B 0.9,read_library /mnt/c/Users/daksh/AppData/Local/Temp/abc_tech_lib/cadence.genlib
apex1_orig,abc1,apex1_orig_abc1_opt,966.39,cadence.genlib,C:\Users\daksh\Desktop\Semester 6\CS533 - ML for EDA\abc-master\tech_lib\cadence.genlib,C:\Users\daksh\AppData\Local\Temp\abc_tech_lib\cadence.genlib,C:\Users\daksh\AppData\Local\Temp\abc_tech_lib\cadence.super,map -B 0.9,read_library /mnt/c/Users/daksh/AppData/Local/Temp/abc_tech_lib/cadence.genlib
apex1_orig,abc10,apex1_orig_abc10_opt,871.51,cadence.genlib,C:\Users\daksh\Desktop\Semester 6\CS533 - ML for EDA\abc-master\tech_lib\cadence.genlib,C:\Users\daksh\AppData\Local\Temp\abc_tech_lib\cadence.genlib,C:\Users\daksh\AppData\Local\Temp\abc_tech_lib\cadence.super,map -B 0.9,read_library /mnt/c/Users/daksh/AppData/Local/Temp/abc_tech_lib/cadence.genlib
apex1_orig,abc11,apex1_orig_abc11_opt,871.32,cadence.genlib,C:\Users\daksh\Desktop\Semester 6\CS533 - ML for EDA\abc-master\tech_lib\cadence.genlib,C:\Users\daksh\AppData\Local\Temp\abc_tech_lib\cadence.genlib,C:\Users\daksh\AppData\Local\Temp\abc_tech_lib\cadence.super,map -B 0.9,read_library /mnt/c/Users/daksh/AppData/Local/Temp/abc_tech_lib/cadence.genlib
apex1_orig,abc12,apex1_orig_abc12_opt,942.42,cadence.genlib,C:\Users\daksh\Desktop\Semester 6\CS533 - ML for EDA\abc-master\tech_lib\cadence.genlib,C:\Users\daksh\AppData\Local\Temp\abc_tech_lib\cadence.genlib,C:\Users\daksh\AppData\Local\Temp\abc_tech_lib\cadence.super,map -B 0.9,read_library /mnt/c/Users/daksh/AppData/Local/Temp/abc_tech_lib/cadence.genlib
apex1_orig,abc13,apex1_orig_abc13_opt,900.39,cadence.genlib,C:\Users\daksh\Desktop\Semester 6\CS533 - ML for EDA\abc-master\tech_lib\cadence.genlib,C:\Users\daksh\AppData\Local\Temp\abc_tech_lib\cadence.genlib,C:\Users\daksh\AppData\Local\Temp\abc_tech_lib\cadence.super,map -B 0.9,read_library /mnt/c/Users/daksh/AppData/Local/Temp/abc_tech_lib/cadence.genlib
apex1_orig,abc14,apex1_orig_abc14_opt,903.08,cadence.genlib,C:\Users\daksh\Desktop\Semester 6\CS533 - ML for EDA\abc-master\tech_lib\cadence.genlib,C:\Users\daksh\AppData\Local\Temp\abc_tech_lib\cadence.genlib,C:\Users\daksh\AppData\Local\Temp\abc_tech_lib\cadence.super,map -B 0.9,read_library /mnt/c/Users/daksh/AppData/Local/Temp/abc_tech_lib/cadence.genlib
apex1_orig,abc15,apex1_orig_abc15_opt,1004.95,cadence.genlib,C:\Users\daksh\Desktop\Semester 6\CS533 - ML for EDA\abc-master\tech_lib\cadence.genlib,C:\Users\daksh\AppData\Local\Temp\abc_tech_lib\cadence.genlib,C:\Users\daksh\AppData\Local\Temp\abc_tech_lib\cadence.super,map -B 0.9,read_library /mnt/c/Users/daksh/AppData/Local/Temp/abc_tech_lib/cadence.genlib
apex1_orig,abc2,apex1_orig_abc2_opt,954.04,cadence.genlib,C:\Users\daksh\Desktop\Semester 6\CS533 - ML for EDA\abc-master\tech_lib\cadence.genlib,C:\Users\daksh\AppData\Local\Temp\abc_tech_lib\cadence.genlib,C:\Users\daksh\AppData\Local\Temp\abc_tech_lib\cadence.super,map -B 0.9,read_library /mnt/c/Users/daksh/AppData/Local/Temp/abc_tech_lib/cadence.genlib
apex1_orig,abc3,apex1_orig_abc3_opt,975.22,cadence.genlib,C:\Users\daksh\Desktop\Semester 6\CS533 - ML for EDA\abc-master\tech_lib\cadence.genlib,C:\Users\daksh\AppData\Local\Temp\abc_tech_lib\cadence.genlib,C:\Users\daksh\AppData\Local\Temp\abc_tech_lib\cadence.super,map -B 0.9,read_library /mnt/c/Users/daksh/AppData/Local/Temp/abc_tech_lib/cadence.genlib
apex1_orig,abc4,apex1_orig_abc4_opt,940.0,cadence.genlib,C:\Users\daksh\Desktop\Semester 6\CS533 - ML for EDA\abc-master\tech_lib\cadence.genlib,C:\Users\daksh\AppData\Local\Temp\abc_tech_lib\cadence.genlib,C:\Users\daksh\AppData\Local\Temp\abc_tech_lib\cadence.super,map -B 0.9,read_library /mnt/c/Users/daksh/AppData/Local/Temp/abc_tech_lib/cadence.genlib
apex1_orig,abc5,apex1_orig_abc5_opt,867.82,cadence.genlib,C:\Users\daksh\Desktop\Semester 6\CS533 - ML for EDA\abc-master\tech_lib\cadence.genlib,C:\Users\daksh\AppData\Local\Temp\abc_tech_lib\cadence.genlib,C:\Users\daksh\AppData\Local\Temp\abc_tech_lib\cadence.super,map -B 0.9,read_library /mnt/c/Users/daksh/AppData/Local/Temp/abc_tech_lib/cadence.genlib
apex1_orig,abc6,apex1_orig_abc6_opt,945.74,cadence.genlib,C:\Users\daksh\Desktop\Semester 6\CS533 - ML for EDA\abc-master\tech_lib\cadence.genlib,C:\Users\daksh\AppData\Local\Temp\abc_tech_lib\cadence.genlib,C:\Users\daksh\AppData\Local\Temp\abc_tech_lib\cadence.super,map -B 0.9,read_library /mnt/c/Users/daksh/AppData/Local/Temp/abc_tech_lib/cadence.genlib
apex1_orig,abc7,apex1_orig_abc7_opt,861.73,cadence.genlib,C:\Users\daksh\Desktop\Semester 6\CS533 - ML for EDA\abc-master\tech_lib\cadence.genlib,C:\Users\daksh\AppData\Local\Temp\abc_tech_lib\cadence.genlib,C:\Users\daksh\AppData\Local\Temp\abc_tech_lib\cadence.super,map -B 0.9,read_library /mnt/c/Users/daksh/AppData/Local/Temp/abc_tech_lib/cadence.genlib
apex1_orig,abc8,apex1_orig_abc8_opt,950.19,cadence.genlib,C:\Users\daksh\Desktop\Semester 6\CS533 - ML for EDA\abc-master\tech_lib\cadence.genlib,C:\Users\daksh\AppData\Local\Temp\abc_tech_lib\cadence.genlib,C:\Users\daksh\AppData\Local\Temp\abc_tech_lib\cadence.super,map -B 0.9,read_library /mnt/c/Users/daksh/AppData/Local/Temp/abc_tech_lib/cadence.genlib
apex1_orig,abc9,apex1_orig_abc9_opt,873.4,cadence.genlib,C:\Users\daksh\Desktop\Semester 6\CS533 - ML for EDA\abc-master\tech_lib\cadence.genlib,C:\Users\daksh\AppData\Local\Temp\abc_tech_lib\cadence.genlib,C:\Users\daksh\AppData\Local\Temp\abc_tech_lib\cadence.super,map -B 0.9,read_library /mnt/c/Users/daksh/AppData/Local/Temp/abc_tech_lib/cadence.genlib
bc0_orig,abc0,bc0_orig_abc0_opt,1148.46,cadence.genlib,C:\Users\daksh\Desktop\Semester 6\CS533 - ML for EDA\abc-master\tech_lib\cadence.genlib,C:\Users\daksh\AppData\Local\Temp\abc_tech_lib\cadence.genlib,C:\Users\daksh\AppData\Local\Temp\abc_tech_lib\cadence.super,map -B 0.9,read_library /mnt/c/Users/daksh/AppData/Local/Temp/abc_tech_lib/cadence.genlib
bc0_orig,abc1,bc0_orig_abc1_opt,1208.04,cadence.genlib,C:\Users\daksh\Desktop\Semester 6\CS533 - ML for EDA\abc-master\tech_lib\cadence.genlib,C:\Users\daksh\AppData\Local\Temp\abc_tech_lib\cadence.genlib,C:\Users\daksh\AppData\Local\Temp\abc_tech_lib\cadence.super,map -B 0.9,read_library /mnt/c/Users/daksh/AppData/Local/Temp/abc_tech_lib/cadence.genlib
bc0_orig,abc10,bc0_orig_abc10_opt,1160.43,cadence.genlib,C:\Users\daksh\Desktop\Semester 6\CS533 - ML for EDA\abc-master\tech_lib\cadence.genlib,C:\Users\daksh\AppData\Local\Temp\abc_tech_lib\cadence.genlib,C:\Users\daksh\AppData\Local\Temp\abc_tech_lib\cadence.super,map -B 0.9,read_library /mnt/c/Users/daksh/AppData/Local/Temp/abc_tech_lib/cadence.genlib
bc0_orig,abc11,bc0_orig_abc11_opt,1158.89,cadence.genlib,C:\Users\daksh\Desktop\Semester 6\CS533 - ML for EDA\abc-master\tech_lib\cadence.genlib,C:\Users\daksh\AppData\Local\Temp\abc_tech_lib\cadence.genlib,C:\Users\daksh\AppData\Local\Temp\abc_tech_lib\cadence.super,map -B 0.9,read_library /mnt/c/Users/daksh/AppData/Local/Temp/abc_tech_lib/cadence.genlib
bc0_orig,abc12,bc0_orig_abc12_opt,1131.43,cadence.genlib,C:\Users\daksh\Desktop\Semester 6\CS533 - ML for EDA\abc-master\tech_lib\cadence.genlib,C:\Users\daksh\AppData\Local\Temp\abc_tech_lib\cadence.genlib,C:\Users\daksh\AppData\Local\Temp\abc_tech_lib\cadence.super,map -B 0.9,read_library /mnt/c/Users/daksh/AppData/Local/Temp/abc_tech_lib/cadence.genlib
bc0_orig,abc13,bc0_orig_abc13_opt,1097.45,cadence.genlib,C:\Users\daksh\Desktop\Semester 6\CS533 - ML for EDA\abc-master\tech_lib\cadence.genlib,C:\Users\daksh\AppData\Local\Temp\abc_tech_lib\cadence.genlib,C:\Users\daksh\AppData\Local\Temp\abc_tech_lib\cadence.super,map -B 0.9,read_library /mnt/c/Users/daksh/AppData/Local/Temp/abc_tech_lib/cadence.genlib
bc0_orig,abc14,bc0_orig_abc14_opt,1153.35,cadence.genlib,C:\Users\daksh\Desktop\Semester 6\CS533 - ML for EDA\abc-master\tech_lib\cadence.genlib,C:\Users\daksh\AppData\Local\Temp\abc_tech_lib\cadence.genlib,C:\Users\daksh\AppData\Local\Temp\abc_tech_lib\cadence.super,map -B 0.9,read_library /mnt/c/Users/daksh/AppData/Local/Temp/abc_tech_lib/cadence.genlib
bc0_orig,abc15,bc0_orig_abc15_opt,1270.59,cadence.genlib,C:\Users\daksh\Desktop\Semester 6\CS533 - ML for EDA\abc-master\tech_lib\cadence.genlib,C:\Users\daksh\AppData\Local\Temp\abc_tech_lib\cadence.genlib,C:\Users\daksh\AppData\Local\Temp\abc_tech_lib\cadence.super,map -B 0.9,read_library /mnt/c/Users/daksh/AppData/Local/Temp/abc_tech_lib/cadence.genlib
bc0_orig,abc2,bc0_orig_abc2_opt,1080.68,cadence.genlib,C:\Users\daksh\Desktop\Semester 6\CS533 - ML for EDA\abc-master\tech_lib\cadence.genlib,C:\Users\daksh\AppData\Local\Temp\abc_tech_lib\cadence.genlib,C:\Users\daksh\AppData\Local\Temp\abc_tech_lib\cadence.super,map -B 0.9,read_library /mnt/c/Users/daksh/AppData/Local/Temp/abc_tech_lib/cadence.genlib
bc0_orig,abc3,bc0_orig_abc3_opt,1187.49,cadence.genlib,C:\Users\daksh\Desktop\Semester 6\CS533 - ML for EDA\abc-master\tech_lib\cadence.genlib,C:\Users\daksh\AppData\Local\Temp\abc_tech_lib\cadence.genlib,C:\Users\daksh\AppData\Local\Temp\abc_tech_lib\cadence.super,map -B 0.9,read_library /mnt/c/Users/daksh/AppData/Local/Temp/abc_tech_lib/cadence.genlib
bc0_orig,abc4,bc0_orig_abc4_opt,1238.28,cadence.genlib,C:\Users\daksh\Desktop\Semester 6\CS533 - ML for EDA\abc-master\tech_lib\cadence.genlib,C:\Users\daksh\AppData\Local\Temp\abc_tech_lib\cadence.genlib,C:\Users\daksh\AppData\Local\Temp\abc_tech_lib\cadence.super,map -B 0.9,read_library /mnt/c/Users/daksh/AppData/Local/Temp/abc_tech_lib/cadence.genlib
bc0_orig,abc5,bc0_orig_abc5_opt,1166.89,cadence.genlib,C:\Users\daksh\Desktop\Semester 6\CS533 - ML for EDA\abc-master\tech_lib\cadence.genlib,C:\Users\daksh\AppData\Local\Temp\abc_tech_lib\cadence.genlib,C:\Users\daksh\AppData\Local\Temp\abc_tech_lib\cadence.super,map -B 0.9,read_library /mnt/c/Users/daksh/AppData/Local/Temp/abc_tech_lib/cadence.genlib
bc0_orig,abc6,bc0_orig_abc6_opt,1075.16,cadence.genlib,C:\Users\daksh\Desktop\Semester 6\CS533 - ML for EDA\abc-master\tech_lib\cadence.genlib,C:\Users\daksh\AppData\Local\Temp\abc_tech_lib\cadence.genlib,C:\Users\daksh\AppData\Local\Temp\abc_tech_lib\cadence.super,map -B 0.9,read_library /mnt/c/Users/daksh/AppData/Local/Temp/abc_tech_lib/cadence.genlib
bc0_orig,abc7,bc0_orig_abc7_opt,1099.97,cadence.genlib,C:\Users\daksh\Desktop\Semester 6\CS533 - ML for EDA\abc-master\tech_lib\cadence.genlib,C:\Users\daksh\AppData\Local\Temp\abc_tech_lib\cadence.genlib,C:\Users\daksh\AppData\Local\Temp\abc_tech_lib\cadence.super,map -B 0.9,read_library /mnt/c/Users/daksh/AppData/Local/Temp/abc_tech_lib/cadence.genlib
bc0_orig,abc8,bc0_orig_abc8_opt,1165.59,cadence.genlib,C:\Users\daksh\Desktop\Semester 6\CS533 - ML for EDA\abc-master\tech_lib\cadence.genlib,C:\Users\daksh\AppData\Local\Temp\abc_tech_lib\cadence.genlib,C:\Users\daksh\AppData\Local\Temp\abc_tech_lib\cadence.super,map -B 0.9,read_library /mnt/c/Users/daksh/AppData/Local/Temp/abc_tech_lib/cadence.genlib
bc0_orig,abc9,bc0_orig_abc9_opt,1158.06,cadence.genlib,C:\Users\daksh\Desktop\Semester 6\CS533 - ML for EDA\abc-master\tech_lib\cadence.genlib,C:\Users\daksh\AppData\Local\Temp\abc_tech_lib\cadence.genlib,C:\Users\daksh\AppData\Local\Temp\abc_tech_lib\cadence.super,map -B 0.9,read_library /mnt/c/Users/daksh/AppData/Local/Temp/abc_tech_lib/cadence.genlib
bp_be_orig,abc0,bp_be_orig_abc0_opt,78837.67,cadence.genlib,C:\Users\daksh\Desktop\Semester 6\CS533 - ML for EDA\abc-master\tech_lib\cadence.genlib,C:\Users\daksh\AppData\Local\Temp\abc_tech_lib\cadence.genlib,C:\Users\daksh\AppData\Local\Temp\abc_tech_lib\cadence.super,map -B 0.9,read_library /mnt/c/Users/daksh/AppData/Local/Temp/abc_tech_lib/cadence.genlib
bp_be_orig,abc1,bp_be_orig_abc1_opt,89171.73,cadence.genlib,C:\Users\daksh\Desktop\Semester 6\CS533 - ML for EDA\abc-master\tech_lib\cadence.genlib,C:\Users\daksh\AppData\Local\Temp\abc_tech_lib\cadence.genlib,C:\Users\daksh\AppData\Local\Temp\abc_tech_lib\cadence.super,map -B 0.9,read_library /mnt/c/Users/daksh/AppData/Local/Temp/abc_tech_lib/cadence.genlib
bp_be_orig,abc10,bp_be_orig_abc10_opt,79899.69,cadence.genlib,C:\Users\daksh\Desktop\Semester 6\CS533 - ML for EDA\abc-master\tech_lib\cadence.genlib,C:\Users\daksh\AppData\Local\Temp\abc_tech_lib\cadence.genlib,C:\Users\daksh\AppData\Local\Temp\abc_tech_lib\cadence.super,map -B 0.9,read_library /mnt/c/Users/daksh/AppData/Local/Temp/abc_tech_lib/cadence.genlib
bp_be_orig,abc11,bp_be_orig_abc11_opt,83427.18,cadence.genlib,C:\Users\daksh\Desktop\Semester 6\CS533 - ML for EDA\abc-master\tech_lib\cadence.genlib,C:\Users\daksh\AppData\Local\Temp\abc_tech_lib\cadence.genlib,C:\Users\daksh\AppData\Local\Temp\abc_tech_lib\cadence.super,map -B 0.9,read_library /mnt/c/Users/daksh/AppData/Local/Temp/abc_tech_lib/cadence.genlib
bp_be_orig,abc12,bp_be_orig_abc12_opt,80478.88,cadence.genlib,C:\Users\daksh\Desktop\Semester 6\CS533 - ML for EDA\abc-master\tech_lib\cadence.genlib,C:\Users\daksh\AppData\Local\Temp\abc_tech_lib\cadence.genlib,C:\Users\daksh\AppData\Local\Temp\abc_tech_lib\cadence.super,map -B 0.9,read_library /mnt/c/Users/daksh/AppData/Local/Temp/abc_tech_lib/cadence.genlib
bp_be_orig,abc13,bp_be_orig_abc13_opt,81958.31,cadence.genlib,C:\Users\daksh\Desktop\Semester 6\CS533 - ML for EDA\abc-master\tech_lib\cadence.genlib,C:\Users\daksh\AppData\Local\Temp\abc_tech_lib\cadence.genlib,C:\Users\daksh\AppData\Local\Temp\abc_tech_lib\cadence.super,map -B 0.9,read_library /mnt/c/Users/daksh/AppData/Local/Temp/abc_tech_lib/cadence.genlib
bp_be_orig,abc14,bp_be_orig_abc14_opt,80265.59,cadence.genlib,C:\Users\daksh\Desktop\Semester 6\CS533 - ML for EDA\abc-master\tech_lib\cadence.genlib,C:\Users\daksh\AppData\Local\Temp\abc_tech_lib\cadence.genlib,C:\Users\daksh\AppData\Local\Temp\abc_tech_lib\cadence.super,map -B 0.9,read_library /mnt/c/Users/daksh/AppData/Local/Temp/abc_tech_lib/cadence.genlib
bp_be_orig,abc15,bp_be_orig_abc15_opt,83810.66,cadence.genlib,C:\Users\daksh\Desktop\Semester 6\CS533 - ML for EDA\abc-master\tech_lib\cadence.genlib,C:\Users\daksh\AppData\Local\Temp\abc_tech_lib\cadence.genlib,C:\Users\daksh\AppData\Local\Temp\abc_tech_lib\cadence.super,map -B 0.9,read_library /mnt/c/Users/daksh/AppData/Local/Temp/abc_tech_lib/cadence.genlib
bp_be_orig,abc2,bp_be_orig_abc2_opt,83370.73,cadence.genlib,C:\Users\daksh\Desktop\Semester 6\CS533 - ML for EDA\abc-master\tech_lib\cadence.genlib,C:\Users\daksh\AppData\Local\Temp\abc_tech_lib\cadence.genlib,C:\Users\daksh\AppData\Local\Temp\abc_tech_lib\cadence.super,map -B 0.9,read_library /mnt/c/Users/daksh/AppData/Local/Temp/abc_tech_lib/cadence.genlib
bp_be_orig,abc3,bp_be_orig_abc3_opt,81901.83,cadence.genlib,C:\Users\daksh\Desktop\Semester 6\CS533 - ML for EDA\abc-master\tech_lib\cadence.genlib,C:\Users\daksh\AppData\Local\Temp\abc_tech_lib\cadence.genlib,C:\Users\daksh\AppData\Local\Temp\abc_tech_lib\cadence.super,map -B 0.9,read_library /mnt/c/Users/daksh/AppData/Local/Temp/abc_tech_lib/cadence.genlib
bp_be_orig,abc4,bp_be_orig_abc4_opt,82021.58,cadence.genlib,C:\Users\daksh\Desktop\Semester 6\CS533 - ML for EDA\abc-master\tech_lib\cadence.genlib,C:\Users\daksh\AppData\Local\Temp\abc_tech_lib\cadence.genlib,C:\Users\daksh\AppData\Local\Temp\abc_tech_lib\cadence.super,map -B 0.9,read_library /mnt/c/Users/daksh/AppData/Local/Temp/abc_tech_lib/cadence.genlib
bp_be_orig,abc5,bp_be_orig_abc5_opt,80237.89,cadence.genlib,C:\Users\daksh\Desktop\Semester 6\CS533 - ML for EDA\abc-master\tech_lib\cadence.genlib,C:\Users\daksh\AppData\Local\Temp\abc_tech_lib\cadence.genlib,C:\Users\daksh\AppData\Local\Temp\abc_tech_lib\cadence.super,map -B 0.9,read_library /mnt/c/Users/daksh/AppData/Local/Temp/abc_tech_lib/cadence.genlib
bp_be_orig,abc6,bp_be_orig_abc6_opt,78439.7,cadence.genlib,C:\Users\daksh\Desktop\Semester 6\CS533 - ML for EDA\abc-master\tech_lib\cadence.genlib,C:\Users\daksh\AppData\Local\Temp\abc_tech_lib\cadence.genlib,C:\Users\daksh\AppData\Local\Temp\abc_tech_lib\cadence.super,map -B 0.9,read_library /mnt/c/Users/daksh/AppData/Local/Temp/abc_tech_lib/cadence.genlib
bp_be_orig,abc7,bp_be_orig_abc7_opt,79905.17,cadence.genlib,C:\Users\daksh\Desktop\Semester 6\CS533 - ML for EDA\abc-master\tech_lib\cadence.genlib,C:\Users\daksh\AppData\Local\Temp\abc_tech_lib\cadence.genlib,C:\Users\daksh\AppData\Local\Temp\abc_tech_lib\cadence.super,map -B 0.9,read_library /mnt/c/Users/daksh/AppData/Local/Temp/abc_tech_lib/cadence.genlib
bp_be_orig,abc8,bp_be_orig_abc8_opt,80905.73,cadence.genlib,C:\Users\daksh\Desktop\Semester 6\CS533 - ML for EDA\abc-master\tech_lib\cadence.genlib,C:\Users\daksh\AppData\Local\Temp\abc_tech_lib\cadence.genlib,C:\Users\daksh\AppData\Local\Temp\abc_tech_lib\cadence.super,map -B 0.9,read_library /mnt/c/Users/daksh/AppData/Local/Temp/abc_tech_lib/cadence.genlib
bp_be_orig,abc9,bp_be_orig_abc9_opt,79622.7,cadence.genlib,C:\Users\daksh\Desktop\Semester 6\CS533 - ML for EDA\abc-master\tech_lib\cadence.genlib,C:\Users\daksh\AppData\Local\Temp\abc_tech_lib\cadence.genlib,C:\Users\daksh\AppData\Local\Temp\abc_tech_lib\cadence.super,map -B 0.9,read_library /mnt/c/Users/daksh/AppData/Local/Temp/abc_tech_lib/cadence.genlib
c1355_orig,abc0,c1355_orig_abc0_opt,289.75,cadence.genlib,C:\Users\daksh\Desktop\Semester 6\CS533 - ML for EDA\abc-master\tech_lib\cadence.genlib,C:\Users\daksh\AppData\Local\Temp\abc_tech_lib\cadence.genlib,C:\Users\daksh\AppData\Local\Temp\abc_tech_lib\cadence.super,map -B 0.9,read_library /mnt/c/Users/daksh/AppData/Local/Temp/abc_tech_lib/cadence.genlib
c1355_orig,abc1,c1355_orig_abc1_opt,300.82,cadence.genlib,C:\Users\daksh\Desktop\Semester 6\CS533 - ML for EDA\abc-master\tech_lib\cadence.genlib,C:\Users\daksh\AppData\Local\Temp\abc_tech_lib\cadence.genlib,C:\Users\daksh\AppData\Local\Temp\abc_tech_lib\cadence.super,map -B 0.9,read_library /mnt/c/Users/daksh/AppData/Local/Temp/abc_tech_lib/cadence.genlib
c1355_orig,abc10,c1355_orig_abc10_opt,289.06,cadence.genlib,C:\Users\daksh\Desktop\Semester 6\CS533 - ML for EDA\abc-master\tech_lib\cadence.genlib,C:\Users\daksh\AppData\Local\Temp\abc_tech_lib\cadence.genlib,C:\Users\daksh\AppData\Local\Temp\abc_tech_lib\cadence.super,map -B 0.9,read_library /mnt/c/Users/daksh/AppData/Local/Temp/abc_tech_lib/cadence.genlib
c1355_orig,abc11,c1355_orig_abc11_opt,269.41,cadence.genlib,C:\Users\daksh\Desktop\Semester 6\CS533 - ML for EDA\abc-master\tech_lib\cadence.genlib,C:\Users\daksh\AppData\Local\Temp\abc_tech_lib\cadence.genlib,C:\Users\daksh\AppData\Local\Temp\abc_tech_lib\cadence.super,map -B 0.9,read_library /mnt/c/Users/daksh/AppData/Local/Temp/abc_tech_lib/cadence.genlib
c1355_orig,abc12,c1355_orig_abc12_opt,298.97,cadence.genlib,C:\Users\daksh\Desktop\Semester 6\CS533 - ML for EDA\abc-master\tech_lib\cadence.genlib,C:\Users\daksh\AppData\Local\Temp\abc_tech_lib\cadence.genlib,C:\Users\daksh\AppData\Local\Temp\abc_tech_lib\cadence.super,map -B 0.9,read_library /mnt/c/Users/daksh/AppData/Local/Temp/abc_tech_lib/cadence.genlib
c1355_orig,abc13,c1355_orig_abc13_opt,278.81,cadence.genlib,C:\Users\daksh\Desktop\Semester 6\CS533 - ML for EDA\abc-master\tech_lib\cadence.genlib,C:\Users\daksh\AppData\Local\Temp\abc_tech_lib\cadence.genlib,C:\Users\daksh\AppData\Local\Temp\abc_tech_lib\cadence.super,map -B 0.9,read_library /mnt/c/Users/daksh/AppData/Local/Temp/abc_tech_lib/cadence.genlib
c1355_orig,abc14,c1355_orig_abc14_opt,287.03,cadence.genlib,C:\Users\daksh\Desktop\Semester 6\CS533 - ML for EDA\abc-master\tech_lib\cadence.genlib,C:\Users\daksh\AppData\Local\Temp\abc_tech_lib\cadence.genlib,C:\Users\daksh\AppData\Local\Temp\abc_tech_lib\cadence.super,map -B 0.9,read_library /mnt/c/Users/daksh/AppData/Local/Temp/abc_tech_lib/cadence.genlib
c1355_orig,abc15,c1355_orig_abc15_opt,294.2,cadence.genlib,C:\Users\daksh\Desktop\Semester 6\CS533 - ML for EDA\abc-master\tech_lib\cadence.genlib,C:\Users\daksh\AppData\Local\Temp\abc_tech_lib\cadence.genlib,C:\Users\daksh\AppData\Local\Temp\abc_tech_lib\cadence.super,map -B 0.9,read_library /mnt/c/Users/daksh/AppData/Local/Temp/abc_tech_lib/cadence.genlib
c1355_orig,abc2,c1355_orig_abc2_opt,287.19,cadence.genlib,C:\Users\daksh\Desktop\Semester 6\CS533 - ML for EDA\abc-master\tech_lib\cadence.genlib,C:\Users\daksh\AppData\Local\Temp\abc_tech_lib\cadence.genlib,C:\Users\daksh\AppData\Local\Temp\abc_tech_lib\cadence.super,map -B 0.9,read_library /mnt/c/Users/daksh/AppData/Local/Temp/abc_tech_lib/cadence.genlib
c1355_orig,abc3,c1355_orig_abc3_opt,289.77,cadence.genlib,C:\Users\daksh\Desktop\Semester 6\CS533 - ML for EDA\abc-master\tech_lib\cadence.genlib,C:\Users\daksh\AppData\Local\Temp\abc_tech_lib\cadence.genlib,C:\Users\daksh\AppData\Local\Temp\abc_tech_lib\cadence.super,map -B 0.9,read_library /mnt/c/Users/daksh/AppData/Local/Temp/abc_tech_lib/cadence.genlib
c1355_orig,abc4,c1355_orig_abc4_opt,275.14,cadence.genlib,C:\Users\daksh\Desktop\Semester 6\CS533 - ML for EDA\abc-master\tech_lib\cadence.genlib,C:\Users\daksh\AppData\Local\Temp\abc_tech_lib\cadence.genlib,C:\Users\daksh\AppData\Local\Temp\abc_tech_lib\cadence.super,map -B 0.9,read_library /mnt/c/Users/daksh/AppData/Local/Temp/abc_tech_lib/cadence.genlib
c1355_orig,abc5,c1355_orig_abc5_opt,268.1,cadence.genlib,C:\Users\daksh\Desktop\Semester 6\CS533 - ML for EDA\abc-master\tech_lib\cadence.genlib,C:\Users\daksh\AppData\Local\Temp\abc_tech_lib\cadence.genlib,C:\Users\daksh\AppData\Local\Temp\abc_tech_lib\cadence.super,map -B 0.9,read_library /mnt/c/Users/daksh/AppData/Local/Temp/abc_tech_lib/cadence.genlib
c1355_orig,abc6,c1355_orig_abc6_opt,286.48,cadence.genlib,C:\Users\daksh\Desktop\Semester 6\CS533 - ML for EDA\abc-master\tech_lib\cadence.genlib,C:\Users\daksh\AppData\Local\Temp\abc_tech_lib\cadence.genlib,C:\Users\daksh\AppData\Local\Temp\abc_tech_lib\cadence.super,map -B 0.9,read_library /mnt/c/Users/daksh/AppData/Local/Temp/abc_tech_lib/cadence.genlib
c1355_orig,abc7,c1355_orig_abc7_opt,278.98,cadence.genlib,C:\Users\daksh\Desktop\Semester 6\CS533 - ML for EDA\abc-master\tech_lib\cadence.genlib,C:\Users\daksh\AppData\Local\Temp\abc_tech_lib\cadence.genlib,C:\Users\daksh\AppData\Local\Temp\abc_tech_lib\cadence.super,map -B 0.9,read_library /mnt/c/Users/daksh/AppData/Local/Temp/abc_tech_lib/cadence.genlib
c1355_orig,abc8,c1355_orig_abc8_opt,287.74,cadence.genlib,C:\Users\daksh\Desktop\Semester 6\CS533 - ML for EDA\abc-master\tech_lib\cadence.genlib,C:\Users\daksh\AppData\Local\Temp\abc_tech_lib\cadence.genlib,C:\Users\daksh\AppData\Local\Temp\abc_tech_lib\cadence.super,map -B 0.9,read_library /mnt/c/Users/daksh/AppData/Local/Temp/abc_tech_lib/cadence.genlib
c1355_orig,abc9,c1355_orig_abc9_opt,282.68,cadence.genlib,C:\Users\daksh\Desktop\Semester 6\CS533 - ML for EDA\abc-master\tech_lib\cadence.genlib,C:\Users\daksh\AppData\Local\Temp\abc_tech_lib\cadence.genlib,C:\Users\daksh\AppData\Local\Temp\abc_tech_lib\cadence.super,map -B 0.9,read_library /mnt/c/Users/daksh/AppData/Local/Temp/abc_tech_lib/cadence.genlib
c5315_orig,abc0,c5315_orig_abc0_opt,1484.8,cadence.genlib,C:\Users\daksh\Desktop\Semester 6\CS533 - ML for EDA\abc-master\tech_lib\cadence.genlib,C:\Users\daksh\AppData\Local\Temp\abc_tech_lib\cadence.genlib,C:\Users\daksh\AppData\Local\Temp\abc_tech_lib\cadence.super,map -B 0.9,read_library /mnt/c/Users/daksh/AppData/Local/Temp/abc_tech_lib/cadence.genlib
c5315_orig,abc1,c5315_orig_abc1_opt,1529.92,cadence.genlib,C:\Users\daksh\Desktop\Semester 6\CS533 - ML for EDA\abc-master\tech_lib\cadence.genlib,C:\Users\daksh\AppData\Local\Temp\abc_tech_lib\cadence.genlib,C:\Users\daksh\AppData\Local\Temp\abc_tech_lib\cadence.super,map -B 0.9,read_library /mnt/c/Users/daksh/AppData/Local/Temp/abc_tech_lib/cadence.genlib
c5315_orig,abc10,c5315_orig_abc10_opt,1530.05,cadence.genlib,C:\Users\daksh\Desktop\Semester 6\CS533 - ML for EDA\abc-master\tech_lib\cadence.genlib,C:\Users\daksh\AppData\Local\Temp\abc_tech_lib\cadence.genlib,C:\Users\daksh\AppData\Local\Temp\abc_tech_lib\cadence.super,map -B 0.9,read_library /mnt/c/Users/daksh/AppData/Local/Temp/abc_tech_lib/cadence.genlib
c5315_orig,abc11,c5315_orig_abc11_opt,1485.02,cadence.genlib,C:\Users\daksh\Desktop\Semester 6\CS533 - ML for EDA\abc-master\tech_lib\cadence.genlib,C:\Users\daksh\AppData\Local\Temp\abc_tech_lib\cadence.genlib,C:\Users\daksh\AppData\Local\Temp\abc_tech_lib\cadence.super,map -B 0.9,read_library /mnt/c/Users/daksh/AppData/Local/Temp/abc_tech_lib/cadence.genlib
c5315_orig,abc12,c5315_orig_abc12_opt,1450.61,cadence.genlib,C:\Users\daksh\Desktop\Semester 6\CS533 - ML for EDA\abc-master\tech_lib\cadence.genlib,C:\Users\daksh\AppData\Local\Temp\abc_tech_lib\cadence.genlib,C:\Users\daksh\AppData\Local\Temp\abc_tech_lib\cadence.super,map -B 0.9,read_library /mnt/c/Users/daksh/AppData/Local/Temp/abc_tech_lib/cadence.genlib
c5315_orig,abc13,c5315_orig_abc13_opt,1489.21,cadence.genlib,C:\Users\daksh\Desktop\Semester 6\CS533 - ML for EDA\abc-master\tech_lib\cadence.genlib,C:\Users\daksh\AppData\Local\Temp\abc_tech_lib\cadence.genlib,C:\Users\daksh\AppData\Local\Temp\abc_tech_lib\cadence.super,map -B 0.9,read_library /mnt/c/Users/daksh/AppData/Local/Temp/abc_tech_lib/cadence.genlib
c5315_orig,abc14,c5315_orig_abc14_opt,1446.8,cadence.genlib,C:\Users\daksh\Desktop\Semester 6\CS533 - ML for EDA\abc-master\tech_lib\cadence.genlib,C:\Users\daksh\AppData\Local\Temp\abc_tech_lib\cadence.genlib,C:\Users\daksh\AppData\Local\Temp\abc_tech_lib\cadence.super,map -B 0.9,read_library /mnt/c/Users/daksh/AppData/Local/Temp/abc_tech_lib/cadence.genlib
c5315_orig,abc15,c5315_orig_abc15_opt,1491.24,cadence.genlib,C:\Users\daksh\Desktop\Semester 6\CS533 - ML for EDA\abc-master\tech_lib\cadence.genlib,C:\Users\daksh\AppData\Local\Temp\abc_tech_lib\cadence.genlib,C:\Users\daksh\AppData\Local\Temp\abc_tech_lib\cadence.super,map -B 0.9,read_library /mnt/c/Users/daksh/AppData/Local/Temp/abc_tech_lib/cadence.genlib
c5315_orig,abc2,c5315_orig_abc2_opt,1519.19,cadence.genlib,C:\Users\daksh\Desktop\Semester 6\CS533 - ML for EDA\abc-master\tech_lib\cadence.genlib,C:\Users\daksh\AppData\Local\Temp\abc_tech_lib\cadence.genlib,C:\Users\daksh\AppData\Local\Temp\abc_tech_lib\cadence.super,map -B 0.9,read_library /mnt/c/Users/daksh/AppData/Local/Temp/abc_tech_lib/cadence.genlib
c5315_orig,abc3,c5315_orig_abc3_opt,1581.32,cadence.genlib,C:\Users\daksh\Desktop\Semester 6\CS533 - ML for EDA\abc-master\tech_lib\cadence.genlib,C:\Users\daksh\AppData\Local\Temp\abc_tech_lib\cadence.genlib,C:\Users\daksh\AppData\Local\Temp\abc_tech_lib\cadence.super,map -B 0.9,read_library /mnt/c/Users/daksh/AppData/Local/Temp/abc_tech_lib/cadence.genlib
c5315_orig,abc4,c5315_orig_abc4_opt,1511.26,cadence.genlib,C:\Users\daksh\Desktop\Semester 6\CS533 - ML for EDA\abc-master\tech_lib\cadence.genlib,C:\Users\daksh\AppData\Local\Temp\abc_tech_lib\cadence.genlib,C:\Users\daksh\AppData\Local\Temp\abc_tech_lib\cadence.super,map -B 0.9,read_library /mnt/c/Users/daksh/AppData/Local/Temp/abc_tech_lib/cadence.genlib
c5315_orig,abc5,c5315_orig_abc5_opt,1455.77,cadence.genlib,C:\Users\daksh\Desktop\Semester 6\CS533 - ML for EDA\abc-master\tech_lib\cadence.genlib,C:\Users\daksh\AppData\Local\Temp\abc_tech_lib\cadence.genlib,C:\Users\daksh\AppData\Local\Temp\abc_tech_lib\cadence.super,map -B 0.9,read_library /mnt/c/Users/daksh/AppData/Local/Temp/abc_tech_lib/cadence.genlib
c5315_orig,abc6,c5315_orig_abc6_opt,1547.72,cadence.genlib,C:\Users\daksh\Desktop\Semester 6\CS533 - ML for EDA\abc-master\tech_lib\cadence.genlib,C:\Users\daksh\AppData\Local\Temp\abc_tech_lib\cadence.genlib,C:\Users\daksh\AppData\Local\Temp\abc_tech_lib\cadence.super,map -B 0.9,read_library /mnt/c/Users/daksh/AppData/Local/Temp/abc_tech_lib/cadence.genlib
c5315_orig,abc7,c5315_orig_abc7_opt,1507.89,cadence.genlib,C:\Users\daksh\Desktop\Semester 6\CS533 - ML for EDA\abc-master\tech_lib\cadence.genlib,C:\Users\daksh\AppData\Local\Temp\abc_tech_lib\cadence.genlib,C:\Users\daksh\AppData\Local\Temp\abc_tech_lib\cadence.super,map -B 0.9,read_library /mnt/c/Users/daksh/AppData/Local/Temp/abc_tech_lib/cadence.genlib
c5315_orig,abc8,c5315_orig_abc8_opt,1452.74,cadence.genlib,C:\Users\daksh\Desktop\Semester 6\CS533 - ML for EDA\abc-master\tech_lib\cadence.genlib,C:\Users\daksh\AppData\Local\Temp\abc_tech_lib\cadence.genlib,C:\Users\daksh\AppData\Local\Temp\abc_tech_lib\cadence.super,map -B 0.9,read_library /mnt/c/Users/daksh/AppData/Local/Temp/abc_tech_lib/cadence.genlib
c5315_orig,abc9,c5315_orig_abc9_opt,1321.97,cadence.genlib,C:\Users\daksh\Desktop\Semester 6\CS533 - ML for EDA\abc-master\tech_lib\cadence.genlib,C:\Users\daksh\AppData\Local\Temp\abc_tech_lib\cadence.genlib,C:\Users\daksh\AppData\Local\Temp\abc_tech_lib\cadence.super,map -B 0.9,read_library /mnt/c/Users/daksh/AppData/Local/Temp/abc_tech_lib/cadence.genlib
c6288_orig,abc0,c6288_orig_abc0_opt,1469.6,cadence.genlib,C:\Users\daksh\Desktop\Semester 6\CS533 - ML for EDA\abc-master\tech_lib\cadence.genlib,C:\Users\daksh\AppData\Local\Temp\abc_tech_lib\cadence.genlib,C:\Users\daksh\AppData\Local\Temp\abc_tech_lib\cadence.super,map -B 0.9,read_library /mnt/c/Users/daksh/AppData/Local/Temp/abc_tech_lib/cadence.genlib
c6288_orig,abc1,c6288_orig_abc1_opt,1463.38,cadence.genlib,C:\Users\daksh\Desktop\Semester 6\CS533 - ML for EDA\abc-master\tech_lib\cadence.genlib,C:\Users\daksh\AppData\Local\Temp\abc_tech_lib\cadence.genlib,C:\Users\daksh\AppData\Local\Temp\abc_tech_lib\cadence.super,map -B 0.9,read_library /mnt/c/Users/daksh/AppData/Local/Temp/abc_tech_lib/cadence.genlib
c6288_orig,abc10,c6288_orig_abc10_opt,1479.98,cadence.genlib,C:\Users\daksh\Desktop\Semester 6\CS533 - ML for EDA\abc-master\tech_lib\cadence.genlib,C:\Users\daksh\AppData\Local\Temp\abc_tech_lib\cadence.genlib,C:\Users\daksh\AppData\Local\Temp\abc_tech_lib\cadence.super,map -B 0.9,read_library /mnt/c/Users/daksh/AppData/Local/Temp/abc_tech_lib/cadence.genlib
c6288_orig,abc11,c6288_orig_abc11_opt,1469.0,cadence.genlib,C:\Users\daksh\Desktop\Semester 6\CS533 - ML for EDA\abc-master\tech_lib\cadence.genlib,C:\Users\daksh\AppData\Local\Temp\abc_tech_lib\cadence.genlib,C:\Users\daksh\AppData\Local\Temp\abc_tech_lib\cadence.super,map -B 0.9,read_library /mnt/c/Users/daksh/AppData/Local/Temp/abc_tech_lib/cadence.genlib
c6288_orig,abc12,c6288_orig_abc12_opt,1459.06,cadence.genlib,C:\Users\daksh\Desktop\Semester 6\CS533 - ML for EDA\abc-master\tech_lib\cadence.genlib,C:\Users\daksh\AppData\Local\Temp\abc_tech_lib\cadence.genlib,C:\Users\daksh\AppData\Local\Temp\abc_tech_lib\cadence.super,map -B 0.9,read_library /mnt/c/Users/daksh/AppData/Local/Temp/abc_tech_lib/cadence.genlib
c6288_orig,abc13,c6288_orig_abc13_opt,1472.81,cadence.genlib,C:\Users\daksh\Desktop\Semester 6\CS533 - ML for EDA\abc-master\tech_lib\cadence.genlib,C:\Users\daksh\AppData\Local\Temp\abc_tech_lib\cadence.genlib,C:\Users\daksh\AppData\Local\Temp\abc_tech_lib\cadence.super,map -B 0.9,read_library /mnt/c/Users/daksh/AppData/Local/Temp/abc_tech_lib/cadence.genlib
c6288_orig,abc14,c6288_orig_abc14_opt,1473.68,cadence.genlib,C:\Users\daksh\Desktop\Semester 6\CS533 - ML for EDA\abc-master\tech_lib\cadence.genlib,C:\Users\daksh\AppData\Local\Temp\abc_tech_lib\cadence.genlib,C:\Users\daksh\AppData\Local\Temp\abc_tech_lib\cadence.super,map -B 0.9,read_library /mnt/c/Users/daksh/AppData/Local/Temp/abc_tech_lib/cadence.genlib
c6288_orig,abc15,c6288_orig_abc15_opt,1458.23,cadence.genlib,C:\Users\daksh\Desktop\Semester 6\CS533 - ML for EDA\abc-master\tech_lib\cadence.genlib,C:\Users\daksh\AppData\Local\Temp\abc_tech_lib\cadence.genlib,C:\Users\daksh\AppData\Local\Temp\abc_tech_lib\cadence.super,map -B 0.9,read_library /mnt/c/Users/daksh/AppData/Local/Temp/abc_tech_lib/cadence.genlib
c6288_orig,abc2,c6288_orig_abc2_opt,1460.81,cadence.genlib,C:\Users\daksh\Desktop\Semester 6\CS533 - ML for EDA\abc-master\tech_lib\cadence.genlib,C:\Users\daksh\AppData\Local\Temp\abc_tech_lib\cadence.genlib,C:\Users\daksh\AppData\Local\Temp\abc_tech_lib\cadence.super,map -B 0.9,read_library /mnt/c/Users/daksh/AppData/Local/Temp/abc_tech_lib/cadence.genlib
c6288_orig,abc3,c6288_orig_abc3_opt,1516.92,cadence.genlib,C:\Users\daksh\Desktop\Semester 6\CS533 - ML for EDA\abc-master\tech_lib\cadence.genlib,C:\Users\daksh\AppData\Local\Temp\abc_tech_lib\cadence.genlib,C:\Users\daksh\AppData\Local\Temp\abc_tech_lib\cadence.super,map -B 0.9,read_library /mnt/c/Users/daksh/AppData/Local/Temp/abc_tech_lib/cadence.genlib
c6288_orig,abc4,c6288_orig_abc4_opt,1463.38,cadence.genlib,C:\Users\daksh\Desktop\Semester 6\CS533 - ML for EDA\abc-master\tech_lib\cadence.genlib,C:\Users\daksh\AppData\Local\Temp\abc_tech_lib\cadence.genlib,C:\Users\daksh\AppData\Local\Temp\abc_tech_lib\cadence.super,map -B 0.9,read_library /mnt/c/Users/daksh/AppData/Local/Temp/abc_tech_lib/cadence.genlib
c6288_orig,abc5,c6288_orig_abc5_opt,1534.28,cadence.genlib,C:\Users\daksh\Desktop\Semester 6\CS533 - ML for EDA\abc-master\tech_lib\cadence.genlib,C:\Users\daksh\AppData\Local\Temp\abc_tech_lib\cadence.genlib,C:\Users\daksh\AppData\Local\Temp\abc_tech_lib\cadence.super,map -B 0.9,read_library /mnt/c/Users/daksh/AppData/Local/Temp/abc_tech_lib/cadence.genlib
c6288_orig,abc6,c6288_orig_abc6_opt,1458.23,cadence.genlib,C:\Users\daksh\Desktop\Semester 6\CS533 - ML for EDA\abc-master\tech_lib\cadence.genlib,C:\Users\daksh\AppData\Local\Temp\abc_tech_lib\cadence.genlib,C:\Users\daksh\AppData\Local\Temp\abc_tech_lib\cadence.super,map -B 0.9,read_library /mnt/c/Users/daksh/AppData/Local/Temp/abc_tech_lib/cadence.genlib
c6288_orig,abc7,c6288_orig_abc7_opt,1467.9,cadence.genlib,C:\Users\daksh\Desktop\Semester 6\CS533 - ML for EDA\abc-master\tech_lib\cadence.genlib,C:\Users\daksh\AppData\Local\Temp\abc_tech_lib\cadence.genlib,C:\Users\daksh\AppData\Local\Temp\abc_tech_lib\cadence.super,map -B 0.9,read_library /mnt/c/Users/daksh/AppData/Local/Temp/abc_tech_lib/cadence.genlib
c6288_orig,abc8,c6288_orig_abc8_opt,1458.23,cadence.genlib,C:\Users\daksh\Desktop\Semester 6\CS533 - ML for EDA\abc-master\tech_lib\cadence.genlib,C:\Users\daksh\AppData\Local\Temp\abc_tech_lib\cadence.genlib,C:\Users\daksh\AppData\Local\Temp\abc_tech_lib\cadence.super,map -B 0.9,read_library /mnt/c/Users/daksh/AppData/Local/Temp/abc_tech_lib/cadence.genlib
c6288_orig,abc9,c6288_orig_abc9_opt,1485.44,cadence.genlib,C:\Users\daksh\Desktop\Semester 6\CS533 - ML for EDA\abc-master\tech_lib\cadence.genlib,C:\Users\daksh\AppData\Local\Temp\abc_tech_lib\cadence.genlib,C:\Users\daksh\AppData\Local\Temp\abc_tech_lib\cadence.super,map -B 0.9,read_library /mnt/c/Users/daksh/AppData/Local/Temp/abc_tech_lib/cadence.genlib
c7552_orig,abc0,c7552_orig_abc0_opt,1334.85,cadence.genlib,C:\Users\daksh\Desktop\Semester 6\CS533 - ML for EDA\abc-master\tech_lib\cadence.genlib,C:\Users\daksh\AppData\Local\Temp\abc_tech_lib\cadence.genlib,C:\Users\daksh\AppData\Local\Temp\abc_tech_lib\cadence.super,map -B 0.9,read_library /mnt/c/Users/daksh/AppData/Local/Temp/abc_tech_lib/cadence.genlib
c7552_orig,abc1,c7552_orig_abc1_opt,1547.43,cadence.genlib,C:\Users\daksh\Desktop\Semester 6\CS533 - ML for EDA\abc-master\tech_lib\cadence.genlib,C:\Users\daksh\AppData\Local\Temp\abc_tech_lib\cadence.genlib,C:\Users\daksh\AppData\Local\Temp\abc_tech_lib\cadence.super,map -B 0.9,read_library /mnt/c/Users/daksh/AppData/Local/Temp/abc_tech_lib/cadence.genlib
c7552_orig,abc10,c7552_orig_abc10_opt,1422.11,cadence.genlib,C:\Users\daksh\Desktop\Semester 6\CS533 - ML for EDA\abc-master\tech_lib\cadence.genlib,C:\Users\daksh\AppData\Local\Temp\abc_tech_lib\cadence.genlib,C:\Users\daksh\AppData\Local\Temp\abc_tech_lib\cadence.super,map -B 0.9,read_library /mnt/c/Users/daksh/AppData/Local/Temp/abc_tech_lib/cadence.genlib
c7552_orig,abc11,c7552_orig_abc11_opt,1343.07,cadence.genlib,C:\Users\daksh\Desktop\Semester 6\CS533 - ML for EDA\abc-master\tech_lib\cadence.genlib,C:\Users\daksh\AppData\Local\Temp\abc_tech_lib\cadence.genlib,C:\Users\daksh\AppData\Local\Temp\abc_tech_lib\cadence.super,map -B 0.9,read_library /mnt/c/Users/daksh/AppData/Local/Temp/abc_tech_lib/cadence.genlib
c7552_orig,abc12,c7552_orig_abc12_opt,1398.32,cadence.genlib,C:\Users\daksh\Desktop\Semester 6\CS533 - ML for EDA\abc-master\tech_lib\cadence.genlib,C:\Users\daksh\AppData\Local\Temp\abc_tech_lib\cadence.genlib,C:\Users\daksh\AppData\Local\Temp\abc_tech_lib\cadence.super,map -B 0.9,read_library /mnt/c/Users/daksh/AppData/Local/Temp/abc_tech_lib/cadence.genlib
c7552_orig,abc13,c7552_orig_abc13_opt,1387.0,cadence.genlib,C:\Users\daksh\Desktop\Semester 6\CS533 - ML for EDA\abc-master\tech_lib\cadence.genlib,C:\Users\daksh\AppData\Local\Temp\abc_tech_lib\cadence.genlib,C:\Users\daksh\AppData\Local\Temp\abc_tech_lib\cadence.super,map -B 0.9,read_library /mnt/c/Users/daksh/AppData/Local/Temp/abc_tech_lib/cadence.genlib
c7552_orig,abc14,c7552_orig_abc14_opt,1396.86,cadence.genlib,C:\Users\daksh\Desktop\Semester 6\CS533 - ML for EDA\abc-master\tech_lib\cadence.genlib,C:\Users\daksh\AppData\Local\Temp\abc_tech_lib\cadence.genlib,C:\Users\daksh\AppData\Local\Temp\abc_tech_lib\cadence.super,map -B 0.9,read_library /mnt/c/Users/daksh/AppData/Local/Temp/abc_tech_lib/cadence.genlib
c7552_orig,abc15,c7552_orig_abc15_opt,1485.29,cadence.genlib,C:\Users\daksh\Desktop\Semester 6\CS533 - ML for EDA\abc-master\tech_lib\cadence.genlib,C:\Users\daksh\AppData\Local\Temp\abc_tech_lib\cadence.genlib,C:\Users\daksh\AppData\Local\Temp\abc_tech_lib\cadence.super,map -B 0.9,read_library /mnt/c/Users/daksh/AppData/Local/Temp/abc_tech_lib/cadence.genlib
c7552_orig,abc2,c7552_orig_abc2_opt,1392.24,cadence.genlib,C:\Users\daksh\Desktop\Semester 6\CS533 - ML for EDA\abc-master\tech_lib\cadence.genlib,C:\Users\daksh\AppData\Local\Temp\abc_tech_lib\cadence.genlib,C:\Users\daksh\AppData\Local\Temp\abc_tech_lib\cadence.super,map -B 0.9,read_library /mnt/c/Users/daksh/AppData/Local/Temp/abc_tech_lib/cadence.genlib
c7552_orig,abc3,c7552_orig_abc3_opt,1416.01,cadence.genlib,C:\Users\daksh\Desktop\Semester 6\CS533 - ML for EDA\abc-master\tech_lib\cadence.genlib,C:\Users\daksh\AppData\Local\Temp\abc_tech_lib\cadence.genlib,C:\Users\daksh\AppData\Local\Temp\abc_tech_lib\cadence.super,map -B 0.9,read_library /mnt/c/Users/daksh/AppData/Local/Temp/abc_tech_lib/cadence.genlib
c7552_orig,abc4,c7552_orig_abc4_opt,1486.38,cadence.genlib,C:\Users\daksh\Desktop\Semester 6\CS533 - ML for EDA\abc-master\tech_lib\cadence.genlib,C:\Users\daksh\AppData\Local\Temp\abc_tech_lib\cadence.genlib,C:\Users\daksh\AppData\Local\Temp\abc_tech_lib\cadence.super,map -B 0.9,read_library /mnt/c/Users/daksh/AppData/Local/Temp/abc_tech_lib/cadence.genlib
c7552_orig,abc5,c7552_orig_abc5_opt,1432.12,cadence.genlib,C:\Users\daksh\Desktop\Semester 6\CS533 - ML for EDA\abc-master\tech_lib\cadence.genlib,C:\Users\daksh\AppData\Local\Temp\abc_tech_lib\cadence.genlib,C:\Users\daksh\AppData\Local\Temp\abc_tech_lib\cadence.super,map -B 0.9,read_library /mnt/c/Users/daksh/AppData/Local/Temp/abc_tech_lib/cadence.genlib
c7552_orig,abc6,c7552_orig_abc6_opt,1477.91,cadence.genlib,C:\Users\daksh\Desktop\Semester 6\CS533 - ML for EDA\abc-master\tech_lib\cadence.genlib,C:\Users\daksh\AppData\Local\Temp\abc_tech_lib\cadence.genlib,C:\Users\daksh\AppData\Local\Temp\abc_tech_lib\cadence.super,map -B 0.9,read_library /mnt/c/Users/daksh/AppData/Local/Temp/abc_tech_lib/cadence.genlib
c7552_orig,abc7,c7552_orig_abc7_opt,1454.63,cadence.genlib,C:\Users\daksh\Desktop\Semester 6\CS533 - ML for EDA\abc-master\tech_lib\cadence.genlib,C:\Users\daksh\AppData\Local\Temp\abc_tech_lib\cadence.genlib,C:\Users\daksh\AppData\Local\Temp\abc_tech_lib\cadence.super,map -B 0.9,read_library /mnt/c/Users/daksh/AppData/Local/Temp/abc_tech_lib/cadence.genlib
c7552_orig,abc8,c7552_orig_abc8_opt,1542.74,cadence.genlib,C:\Users\daksh\Desktop\Semester 6\CS533 - ML for EDA\abc-master\tech_lib\cadence.genlib,C:\Users\daksh\AppData\Local\Temp\abc_tech_lib\cadence.genlib,C:\Users\daksh\AppData\Local\Temp\abc_tech_lib\cadence.super,map -B 0.9,read_library /mnt/c/Users/daksh/AppData/Local/Temp/abc_tech_lib/cadence.genlib
c7552_orig,abc9,c7552_orig_abc9_opt,1346.83,cadence.genlib,C:\Users\daksh\Desktop\Semester 6\CS533 - ML for EDA\abc-master\tech_lib\cadence.genlib,C:\Users\daksh\AppData\Local\Temp\abc_tech_lib\cadence.genlib,C:\Users\daksh\AppData\Local\Temp\abc_tech_lib\cadence.super,map -B 0.9,read_library /mnt/c/Users/daksh/AppData/Local/Temp/abc_tech_lib/cadence.genlib
dalu_orig,abc0,dalu_orig_abc0_opt,1068.93,cadence.genlib,C:\Users\daksh\Desktop\Semester 6\CS533 - ML for EDA\abc-master\tech_lib\cadence.genlib,C:\Users\daksh\AppData\Local\Temp\abc_tech_lib\cadence.genlib,C:\Users\daksh\AppData\Local\Temp\abc_tech_lib\cadence.super,map -B 0.9,read_library /mnt/c/Users/daksh/AppData/Local/Temp/abc_tech_lib/cadence.genlib
dalu_orig,abc1,dalu_orig_abc1_opt,790.62,cadence.genlib,C:\Users\daksh\Desktop\Semester 6\CS533 - ML for EDA\abc-master\tech_lib\cadence.genlib,C:\Users\daksh\AppData\Local\Temp\abc_tech_lib\cadence.genlib,C:\Users\daksh\AppData\Local\Temp\abc_tech_lib\cadence.super,map -B 0.9,read_library /mnt/c/Users/daksh/AppData/Local/Temp/abc_tech_lib/cadence.genlib
dalu_orig,abc10,dalu_orig_abc10_opt,1036.77,cadence.genlib,C:\Users\daksh\Desktop\Semester 6\CS533 - ML for EDA\abc-master\tech_lib\cadence.genlib,C:\Users\daksh\AppData\Local\Temp\abc_tech_lib\cadence.genlib,C:\Users\daksh\AppData\Local\Temp\abc_tech_lib\cadence.super,map -B 0.9,read_library /mnt/c/Users/daksh/AppData/Local/Temp/abc_tech_lib/cadence.genlib
dalu_orig,abc11,dalu_orig_abc11_opt,1022.5,cadence.genlib,C:\Users\daksh\Desktop\Semester 6\CS533 - ML for EDA\abc-master\tech_lib\cadence.genlib,C:\Users\daksh\AppData\Local\Temp\abc_tech_lib\cadence.genlib,C:\Users\daksh\AppData\Local\Temp\abc_tech_lib\cadence.super,map -B 0.9,read_library /mnt/c/Users/daksh/AppData/Local/Temp/abc_tech_lib/cadence.genlib
dalu_orig,abc12,dalu_orig_abc12_opt,1024.98,cadence.genlib,C:\Users\daksh\Desktop\Semester 6\CS533 - ML for EDA\abc-master\tech_lib\cadence.genlib,C:\Users\daksh\AppData\Local\Temp\abc_tech_lib\cadence.genlib,C:\Users\daksh\AppData\Local\Temp\abc_tech_lib\cadence.super,map -B 0.9,read_library /mnt/c/Users/daksh/AppData/Local/Temp/abc_tech_lib/cadence.genlib
dalu_orig,abc13,dalu_orig_abc13_opt,923.88,cadence.genlib,C:\Users\daksh\Desktop\Semester 6\CS533 - ML for EDA\abc-master\tech_lib\cadence.genlib,C:\Users\daksh\AppData\Local\Temp\abc_tech_lib\cadence.genlib,C:\Users\daksh\AppData\Local\Temp\abc_tech_lib\cadence.super,map -B 0.9,read_library /mnt/c/Users/daksh/AppData/Local/Temp/abc_tech_lib/cadence.genlib
dalu_orig,abc14,dalu_orig_abc14_opt,975.26,cadence.genlib,C:\Users\daksh\Desktop\Semester 6\CS533 - ML for EDA\abc-master\tech_lib\cadence.genlib,C:\Users\daksh\AppData\Local\Temp\abc_tech_lib\cadence.genlib,C:\Users\daksh\AppData\Local\Temp\abc_tech_lib\cadence.super,map -B 0.9,read_library /mnt/c/Users/daksh/AppData/Local/Temp/abc_tech_lib/cadence.genlib
dalu_orig,abc15,dalu_orig_abc15_opt,819.36,cadence.genlib,C:\Users\daksh\Desktop\Semester 6\CS533 - ML for EDA\abc-master\tech_lib\cadence.genlib,C:\Users\daksh\AppData\Local\Temp\abc_tech_lib\cadence.genlib,C:\Users\daksh\AppData\Local\Temp\abc_tech_lib\cadence.super,map -B 0.9,read_library /mnt/c/Users/daksh/AppData/Local/Temp/abc_tech_lib/cadence.genlib
dalu_orig,abc2,dalu_orig_abc2_opt,922.72,cadence.genlib,C:\Users\daksh\Desktop\Semester 6\CS533 - ML for EDA\abc-master\tech_lib\cadence.genlib,C:\Users\daksh\AppData\Local\Temp\abc_tech_lib\cadence.genlib,C:\Users\daksh\AppData\Local\Temp\abc_tech_lib\cadence.super,map -B 0.9,read_library /mnt/c/Users/daksh/AppData/Local/Temp/abc_tech_lib/cadence.genlib
dalu_orig,abc3,dalu_orig_abc3_opt,949.86,cadence.genlib,C:\Users\daksh\Desktop\Semester 6\CS533 - ML for EDA\abc-master\tech_lib\cadence.genlib,C:\Users\daksh\AppData\Local\Temp\abc_tech_lib\cadence.genlib,C:\Users\daksh\AppData\Local\Temp\abc_tech_lib\cadence.super,map -B 0.9,read_library /mnt/c/Users/daksh/AppData/Local/Temp/abc_tech_lib/cadence.genlib
dalu_orig,abc4,dalu_orig_abc4_opt,841.51,cadence.genlib,C:\Users\daksh\Desktop\Semester 6\CS533 - ML for EDA\abc-master\tech_lib\cadence.genlib,C:\Users\daksh\AppData\Local\Temp\abc_tech_lib\cadence.genlib,C:\Users\daksh\AppData\Local\Temp\abc_tech_lib\cadence.super,map -B 0.9,read_library /mnt/c/Users/daksh/AppData/Local/Temp/abc_tech_lib/cadence.genlib
dalu_orig,abc5,dalu_orig_abc5_opt,1092.63,cadence.genlib,C:\Users\daksh\Desktop\Semester 6\CS533 - ML for EDA\abc-master\tech_lib\cadence.genlib,C:\Users\daksh\AppData\Local\Temp\abc_tech_lib\cadence.genlib,C:\Users\daksh\AppData\Local\Temp\abc_tech_lib\cadence.super,map -B 0.9,read_library /mnt/c/Users/daksh/AppData/Local/Temp/abc_tech_lib/cadence.genlib
dalu_orig,abc6,dalu_orig_abc6_opt,925.04,cadence.genlib,C:\Users\daksh\Desktop\Semester 6\CS533 - ML for EDA\abc-master\tech_lib\cadence.genlib,C:\Users\daksh\AppData\Local\Temp\abc_tech_lib\cadence.genlib,C:\Users\daksh\AppData\Local\Temp\abc_tech_lib\cadence.super,map -B 0.9,read_library /mnt/c/Users/daksh/AppData/Local/Temp/abc_tech_lib/cadence.genlib
dalu_orig,abc7,dalu_orig_abc7_opt,1010.12,cadence.genlib,C:\Users\daksh\Desktop\Semester 6\CS533 - ML for EDA\abc-master\tech_lib\cadence.genlib,C:\Users\daksh\AppData\Local\Temp\abc_tech_lib\cadence.genlib,C:\Users\daksh\AppData\Local\Temp\abc_tech_lib\cadence.super,map -B 0.9,read_library /mnt/c/Users/daksh/AppData/Local/Temp/abc_tech_lib/cadence.genlib
dalu_orig,abc8,dalu_orig_abc8_opt,964.42,cadence.genlib,C:\Users\daksh\Desktop\Semester 6\CS533 - ML for EDA\abc-master\tech_lib\cadence.genlib,C:\Users\daksh\AppData\Local\Temp\abc_tech_lib\cadence.genlib,C:\Users\daksh\AppData\Local\Temp\abc_tech_lib\cadence.super,map -B 0.9,read_library /mnt/c/Users/daksh/AppData/Local/Temp/abc_tech_lib/cadence.genlib
dalu_orig,abc9,dalu_orig_abc9_opt,898.81,cadence.genlib,C:\Users\daksh\Desktop\Semester 6\CS533 - ML for EDA\abc-master\tech_lib\cadence.genlib,C:\Users\daksh\AppData\Local\Temp\abc_tech_lib\cadence.genlib,C:\Users\daksh\AppData\Local\Temp\abc_tech_lib\cadence.super,map -B 0.9,read_library /mnt/c/Users/daksh/AppData/Local/Temp/abc_tech_lib/cadence.genlib
des3_area_orig,abc0,des3_area_orig_abc0_opt,3844.13,cadence.genlib,C:\Users\daksh\Desktop\Semester 6\CS533 - ML for EDA\abc-master\tech_lib\cadence.genlib,C:\Users\daksh\AppData\Local\Temp\abc_tech_lib\cadence.genlib,C:\Users\daksh\AppData\Local\Temp\abc_tech_lib\cadence.super,map -B 0.9,read_library /mnt/c/Users/daksh/AppData/Local/Temp/abc_tech_lib/cadence.genlib
des3_area_orig,abc1,des3_area_orig_abc1_opt,3709.37,cadence.genlib,C:\Users\daksh\Desktop\Semester 6\CS533 - ML for EDA\abc-master\tech_lib\cadence.genlib,C:\Users\daksh\AppData\Local\Temp\abc_tech_lib\cadence.genlib,C:\Users\daksh\AppData\Local\Temp\abc_tech_lib\cadence.super,map -B 0.9,read_library /mnt/c/Users/daksh/AppData/Local/Temp/abc_tech_lib/cadence.genlib
des3_area_orig,abc10,des3_area_orig_abc10_opt,3526.76,cadence.genlib,C:\Users\daksh\Desktop\Semester 6\CS533 - ML for EDA\abc-master\tech_lib\cadence.genlib,C:\Users\daksh\AppData\Local\Temp\abc_tech_lib\cadence.genlib,C:\Users\daksh\AppData\Local\Temp\abc_tech_lib\cadence.super,map -B 0.9,read_library /mnt/c/Users/daksh/AppData/Local/Temp/abc_tech_lib/cadence.genlib
des3_area_orig,abc11,des3_area_orig_abc11_opt,3655.37,cadence.genlib,C:\Users\daksh\Desktop\Semester 6\CS533 - ML for EDA\abc-master\tech_lib\cadence.genlib,C:\Users\daksh\AppData\Local\Temp\abc_tech_lib\cadence.genlib,C:\Users\daksh\AppData\Local\Temp\abc_tech_lib\cadence.super,map -B 0.9,read_library /mnt/c/Users/daksh/AppData/Local/Temp/abc_tech_lib/cadence.genlib
des3_area_orig,abc12,des3_area_orig_abc12_opt,3802.39,cadence.genlib,C:\Users\daksh\Desktop\Semester 6\CS533 - ML for EDA\abc-master\tech_lib\cadence.genlib,C:\Users\daksh\AppData\Local\Temp\abc_tech_lib\cadence.genlib,C:\Users\daksh\AppData\Local\Temp\abc_tech_lib\cadence.super,map -B 0.9,read_library /mnt/c/Users/daksh/AppData/Local/Temp/abc_tech_lib/cadence.genlib
des3_area_orig,abc13,des3_area_orig_abc13_opt,3742.08,cadence.genlib,C:\Users\daksh\Desktop\Semester 6\CS533 - ML for EDA\abc-master\tech_lib\cadence.genlib,C:\Users\daksh\AppData\Local\Temp\abc_tech_lib\cadence.genlib,C:\Users\daksh\AppData\Local\Temp\abc_tech_lib\cadence.super,map -B 0.9,read_library /mnt/c/Users/daksh/AppData/Local/Temp/abc_tech_lib/cadence.genlib
des3_area_orig,abc14,des3_area_orig_abc14_opt,3883.92,cadence.genlib,C:\Users\daksh\Desktop\Semester 6\CS533 - ML for EDA\abc-master\tech_lib\cadence.genlib,C:\Users\daksh\AppData\Local\Temp\abc_tech_lib\cadence.genlib,C:\Users\daksh\AppData\Local\Temp\abc_tech_lib\cadence.super,map -B 0.9,read_library /mnt/c/Users/daksh/AppData/Local/Temp/abc_tech_lib/cadence.genlib
des3_area_orig,abc15,des3_area_orig_abc15_opt,3742.81,cadence.genlib,C:\Users\daksh\Desktop\Semester 6\CS533 - ML for EDA\abc-master\tech_lib\cadence.genlib,C:\Users\daksh\AppData\Local\Temp\abc_tech_lib\cadence.genlib,C:\Users\daksh\AppData\Local\Temp\abc_tech_lib\cadence.super,map -B 0.9,read_library /mnt/c/Users/daksh/AppData/Local/Temp/abc_tech_lib/cadence.genlib
des3_area_orig,abc2,des3_area_orig_abc2_opt,3638.2,cadence.genlib,C:\Users\daksh\Desktop\Semester 6\CS533 - ML for EDA\abc-master\tech_lib\cadence.genlib,C:\Users\daksh\AppData\Local\Temp\abc_tech_lib\cadence.genlib,C:\Users\daksh\AppData\Local\Temp\abc_tech_lib\cadence.super,map -B 0.9,read_library /mnt/c/Users/daksh/AppData/Local/Temp/abc_tech_lib/cadence.genlib
des3_area_orig,abc3,des3_area_orig_abc3_opt,3623.34,cadence.genlib,C:\Users\daksh\Desktop\Semester 6\CS533 - ML for EDA\abc-master\tech_lib\cadence.genlib,C:\Users\daksh\AppData\Local\Temp\abc_tech_lib\cadence.genlib,C:\Users\daksh\AppData\Local\Temp\abc_tech_lib\cadence.super,map -B 0.9,read_library /mnt/c/Users/daksh/AppData/Local/Temp/abc_tech_lib/cadence.genlib
des3_area_orig,abc4,des3_area_orig_abc4_opt,3708.94,cadence.genlib,C:\Users\daksh\Desktop\Semester 6\CS533 - ML for EDA\abc-master\tech_lib\cadence.genlib,C:\Users\daksh\AppData\Local\Temp\abc_tech_lib\cadence.genlib,C:\Users\daksh\AppData\Local\Temp\abc_tech_lib\cadence.super,map -B 0.9,read_library /mnt/c/Users/daksh/AppData/Local/Temp/abc_tech_lib/cadence.genlib
des3_area_orig,abc5,des3_area_orig_abc5_opt,3628.38,cadence.genlib,C:\Users\daksh\Desktop\Semester 6\CS533 - ML for EDA\abc-master\tech_lib\cadence.genlib,C:\Users\daksh\AppData\Local\Temp\abc_tech_lib\cadence.genlib,C:\Users\daksh\AppData\Local\Temp\abc_tech_lib\cadence.super,map -B 0.9,read_library /mnt/c/Users/daksh/AppData/Local/Temp/abc_tech_lib/cadence.genlib
des3_area_orig,abc6,des3_area_orig_abc6_opt,3823.2,cadence.genlib,C:\Users\daksh\Desktop\Semester 6\CS533 - ML for EDA\abc-master\tech_lib\cadence.genlib,C:\Users\daksh\AppData\Local\Temp\abc_tech_lib\cadence.genlib,C:\Users\daksh\AppData\Local\Temp\abc_tech_lib\cadence.super,map -B 0.9,read_library /mnt/c/Users/daksh/AppData/Local/Temp/abc_tech_lib/cadence.genlib
des3_area_orig,abc7,des3_area_orig_abc7_opt,3719.93,cadence.genlib,C:\Users\daksh\Desktop\Semester 6\CS533 - ML for EDA\abc-master\tech_lib\cadence.genlib,C:\Users\daksh\AppData\Local\Temp\abc_tech_lib\cadence.genlib,C:\Users\daksh\AppData\Local\Temp\abc_tech_lib\cadence.super,map -B 0.9,read_library /mnt/c/Users/daksh/AppData/Local/Temp/abc_tech_lib/cadence.genlib
des3_area_orig,abc8,des3_area_orig_abc8_opt,3665.42,cadence.genlib,C:\Users\daksh\Desktop\Semester 6\CS533 - ML for EDA\abc-master\tech_lib\cadence.genlib,C:\Users\daksh\AppData\Local\Temp\abc_tech_lib\cadence.genlib,C:\Users\daksh\AppData\Local\Temp\abc_tech_lib\cadence.super,map -B 0.9,read_library /mnt/c/Users/daksh/AppData/Local/Temp/abc_tech_lib/cadence.genlib
des3_area_orig,abc9,des3_area_orig_abc9_opt,3675.43,cadence.genlib,C:\Users\daksh\Desktop\Semester 6\CS533 - ML for EDA\abc-master\tech_lib\cadence.genlib,C:\Users\daksh\AppData\Local\Temp\abc_tech_lib\cadence.genlib,C:\Users\daksh\AppData\Local\Temp\abc_tech_lib\cadence.super,map -B 0.9,read_library /mnt/c/Users/daksh/AppData/Local/Temp/abc_tech_lib/cadence.genlib
div_orig,abc0,div_orig_abc0_opt,23731.72,cadence.genlib,C:\Users\daksh\Desktop\Semester 6\CS533 - ML for EDA\abc-master\tech_lib\cadence.genlib,C:\Users\daksh\AppData\Local\Temp\abc_tech_lib\cadence.genlib,C:\Users\daksh\AppData\Local\Temp\abc_tech_lib\cadence.super,map -B 0.9,read_library /mnt/c/Users/daksh/AppData/Local/Temp/abc_tech_lib/cadence.genlib
div_orig,abc1,div_orig_abc1_opt,22810.48,cadence.genlib,C:\Users\daksh\Desktop\Semester 6\CS533 - ML for EDA\abc-master\tech_lib\cadence.genlib,C:\Users\daksh\AppData\Local\Temp\abc_tech_lib\cadence.genlib,C:\Users\daksh\AppData\Local\Temp\abc_tech_lib\cadence.super,map -B 0.9,read_library /mnt/c/Users/daksh/AppData/Local/Temp/abc_tech_lib/cadence.genlib
div_orig,abc10,div_orig_abc10_opt,18734.8,cadence.genlib,C:\Users\daksh\Desktop\Semester 6\CS533 - ML for EDA\abc-master\tech_lib\cadence.genlib,C:\Users\daksh\AppData\Local\Temp\abc_tech_lib\cadence.genlib,C:\Users\daksh\AppData\Local\Temp\abc_tech_lib\cadence.super,map -B 0.9,read_library /mnt/c/Users/daksh/AppData/Local/Temp/abc_tech_lib/cadence.genlib
div_orig,abc11,div_orig_abc11_opt,20815.85,cadence.genlib,C:\Users\daksh\Desktop\Semester 6\CS533 - ML for EDA\abc-master\tech_lib\cadence.genlib,C:\Users\daksh\AppData\Local\Temp\abc_tech_lib\cadence.genlib,C:\Users\daksh\AppData\Local\Temp\abc_tech_lib\cadence.super,map -B 0.9,read_library /mnt/c/Users/daksh/AppData/Local/Temp/abc_tech_lib/cadence.genlib
div_orig,abc12,div_orig_abc12_opt,21081.09,cadence.genlib,C:\Users\daksh\Desktop\Semester 6\CS533 - ML for EDA\abc-master\tech_lib\cadence.genlib,C:\Users\daksh\AppData\Local\Temp\abc_tech_lib\cadence.genlib,C:\Users\daksh\AppData\Local\Temp\abc_tech_lib\cadence.super,map -B 0.9,read_library /mnt/c/Users/daksh/AppData/Local/Temp/abc_tech_lib/cadence.genlib
div_orig,abc13,div_orig_abc13_opt,24399.14,cadence.genlib,C:\Users\daksh\Desktop\Semester 6\CS533 - ML for EDA\abc-master\tech_lib\cadence.genlib,C:\Users\daksh\AppData\Local\Temp\abc_tech_lib\cadence.genlib,C:\Users\daksh\AppData\Local\Temp\abc_tech_lib\cadence.super,map -B 0.9,read_library /mnt/c/Users/daksh/AppData/Local/Temp/abc_tech_lib/cadence.genlib
div_orig,abc14,div_orig_abc14_opt,22189.46,cadence.genlib,C:\Users\daksh\Desktop\Semester 6\CS533 - ML for EDA\abc-master\tech_lib\cadence.genlib,C:\Users\daksh\AppData\Local\Temp\abc_tech_lib\cadence.genlib,C:\Users\daksh\AppData\Local\Temp\abc_tech_lib\cadence.super,map -B 0.9,read_library /mnt/c/Users/daksh/AppData/Local/Temp/abc_tech_lib/cadence.genlib
div_orig,abc15,div_orig_abc15_opt,21211.76,cadence.genlib,C:\Users\daksh\Desktop\Semester 6\CS533 - ML for EDA\abc-master\tech_lib\cadence.genlib,C:\Users\daksh\AppData\Local\Temp\abc_tech_lib\cadence.genlib,C:\Users\daksh\AppData\Local\Temp\abc_tech_lib\cadence.super,map -B 0.9,read_library /mnt/c/Users/daksh/AppData/Local/Temp/abc_tech_lib/cadence.genlib
div_orig,abc2,div_orig_abc2_opt,15659.7,cadence.genlib,C:\Users\daksh\Desktop\Semester 6\CS533 - ML for EDA\abc-master\tech_lib\cadence.genlib,C:\Users\daksh\AppData\Local\Temp\abc_tech_lib\cadence.genlib,C:\Users\daksh\AppData\Local\Temp\abc_tech_lib\cadence.super,map -B 0.9,read_library /mnt/c/Users/daksh/AppData/Local/Temp/abc_tech_lib/cadence.genlib
div_orig,abc3,div_orig_abc3_opt,25679.22,cadence.genlib,C:\Users\daksh\Desktop\Semester 6\CS533 - ML for EDA\abc-master\tech_lib\cadence.genlib,C:\Users\daksh\AppData\Local\Temp\abc_tech_lib\cadence.genlib,C:\Users\daksh\AppData\Local\Temp\abc_tech_lib\cadence.super,map -B 0.9,read_library /mnt/c/Users/daksh/AppData/Local/Temp/abc_tech_lib/cadence.genlib
div_orig,abc4,div_orig_abc4_opt,23584.15,cadence.genlib,C:\Users\daksh\Desktop\Semester 6\CS533 - ML for EDA\abc-master\tech_lib\cadence.genlib,C:\Users\daksh\AppData\Local\Temp\abc_tech_lib\cadence.genlib,C:\Users\daksh\AppData\Local\Temp\abc_tech_lib\cadence.super,map -B 0.9,read_library /mnt/c/Users/daksh/AppData/Local/Temp/abc_tech_lib/cadence.genlib
div_orig,abc5,div_orig_abc5_opt,20589.78,cadence.genlib,C:\Users\daksh\Desktop\Semester 6\CS533 - ML for EDA\abc-master\tech_lib\cadence.genlib,C:\Users\daksh\AppData\Local\Temp\abc_tech_lib\cadence.genlib,C:\Users\daksh\AppData\Local\Temp\abc_tech_lib\cadence.super,map -B 0.9,read_library /mnt/c/Users/daksh/AppData/Local/Temp/abc_tech_lib/cadence.genlib
div_orig,abc6,div_orig_abc6_opt,30032.91,cadence.genlib,C:\Users\daksh\Desktop\Semester 6\CS533 - ML for EDA\abc-master\tech_lib\cadence.genlib,C:\Users\daksh\AppData\Local\Temp\abc_tech_lib\cadence.genlib,C:\Users\daksh\AppData\Local\Temp\abc_tech_lib\cadence.super,map -B 0.9,read_library /mnt/c/Users/daksh/AppData/Local/Temp/abc_tech_lib/cadence.genlib
div_orig,abc7,div_orig_abc7_opt,17746.51,cadence.genlib,C:\Users\daksh\Desktop\Semester 6\CS533 - ML for EDA\abc-master\tech_lib\cadence.genlib,C:\Users\daksh\AppData\Local\Temp\abc_tech_lib\cadence.genlib,C:\Users\daksh\AppData\Local\Temp\abc_tech_lib\cadence.super,map -B 0.9,read_library /mnt/c/Users/daksh/AppData/Local/Temp/abc_tech_lib/cadence.genlib
div_orig,abc8,div_orig_abc8_opt,25767.2,cadence.genlib,C:\Users\daksh\Desktop\Semester 6\CS533 - ML for EDA\abc-master\tech_lib\cadence.genlib,C:\Users\daksh\AppData\Local\Temp\abc_tech_lib\cadence.genlib,C:\Users\daksh\AppData\Local\Temp\abc_tech_lib\cadence.super,map -B 0.9,read_library /mnt/c/Users/daksh/AppData/Local/Temp/abc_tech_lib/cadence.genlib
div_orig,abc9,div_orig_abc9_opt,21001.13,cadence.genlib,C:\Users\daksh\Desktop\Semester 6\CS533 - ML for EDA\abc-master\tech_lib\cadence.genlib,C:\Users\daksh\AppData\Local\Temp\abc_tech_lib\cadence.genlib,C:\Users\daksh\AppData\Local\Temp\abc_tech_lib\cadence.super,map -B 0.9,read_library /mnt/c/Users/daksh/AppData/Local/Temp/abc_tech_lib/cadence.genlib
dynamic_node_orig,abc0,dynamic_node_orig_abc0_opt,20458.47,cadence.genlib,C:\Users\daksh\Desktop\Semester 6\CS533 - ML for EDA\abc-master\tech_lib\cadence.genlib,C:\Users\daksh\AppData\Local\Temp\abc_tech_lib\cadence.genlib,C:\Users\daksh\AppData\Local\Temp\abc_tech_lib\cadence.super,map -B 0.9,read_library /mnt/c/Users/daksh/AppData/Local/Temp/abc_tech_lib/cadence.genlib
dynamic_node_orig,abc1,dynamic_node_orig_abc1_opt,19230.05,cadence.genlib,C:\Users\daksh\Desktop\Semester 6\CS533 - ML for EDA\abc-master\tech_lib\cadence.genlib,C:\Users\daksh\AppData\Local\Temp\abc_tech_lib\cadence.genlib,C:\Users\daksh\AppData\Local\Temp\abc_tech_lib\cadence.super,map -B 0.9,read_library /mnt/c/Users/daksh/AppData/Local/Temp/abc_tech_lib/cadence.genlib
dynamic_node_orig,abc10,dynamic_node_orig_abc10_opt,21075.18,cadence.genlib,C:\Users\daksh\Desktop\Semester 6\CS533 - ML for EDA\abc-master\tech_lib\cadence.genlib,C:\Users\daksh\AppData\Local\Temp\abc_tech_lib\cadence.genlib,C:\Users\daksh\AppData\Local\Temp\abc_tech_lib\cadence.super,map -B 0.9,read_library /mnt/c/Users/daksh/AppData/Local/Temp/abc_tech_lib/cadence.genlib
dynamic_node_orig,abc11,dynamic_node_orig_abc11_opt,21026.92,cadence.genlib,C:\Users\daksh\Desktop\Semester 6\CS533 - ML for EDA\abc-master\tech_lib\cadence.genlib,C:\Users\daksh\AppData\Local\Temp\abc_tech_lib\cadence.genlib,C:\Users\daksh\AppData\Local\Temp\abc_tech_lib\cadence.super,map -B 0.9,read_library /mnt/c/Users/daksh/AppData/Local/Temp/abc_tech_lib/cadence.genlib
dynamic_node_orig,abc12,dynamic_node_orig_abc12_opt,21647.22,cadence.genlib,C:\Users\daksh\Desktop\Semester 6\CS533 - ML for EDA\abc-master\tech_lib\cadence.genlib,C:\Users\daksh\AppData\Local\Temp\abc_tech_lib\cadence.genlib,C:\Users\daksh\AppData\Local\Temp\abc_tech_lib\cadence.super,map -B 0.9,read_library /mnt/c/Users/daksh/AppData/Local/Temp/abc_tech_lib/cadence.genlib
dynamic_node_orig,abc13,dynamic_node_orig_abc13_opt,20899.35,cadence.genlib,C:\Users\daksh\Desktop\Semester 6\CS533 - ML for EDA\abc-master\tech_lib\cadence.genlib,C:\Users\daksh\AppData\Local\Temp\abc_tech_lib\cadence.genlib,C:\Users\daksh\AppData\Local\Temp\abc_tech_lib\cadence.super,map -B 0.9,read_library /mnt/c/Users/daksh/AppData/Local/Temp/abc_tech_lib/cadence.genlib
dynamic_node_orig,abc14,dynamic_node_orig_abc14_opt,19694.01,cadence.genlib,C:\Users\daksh\Desktop\Semester 6\CS533 - ML for EDA\abc-master\tech_lib\cadence.genlib,C:\Users\daksh\AppData\Local\Temp\abc_tech_lib\cadence.genlib,C:\Users\daksh\AppData\Local\Temp\abc_tech_lib\cadence.super,map -B 0.9,read_library /mnt/c/Users/daksh/AppData/Local/Temp/abc_tech_lib/cadence.genlib
dynamic_node_orig,abc15,dynamic_node_orig_abc15_opt,20685.01,cadence.genlib,C:\Users\daksh\Desktop\Semester 6\CS533 - ML for EDA\abc-master\tech_lib\cadence.genlib,C:\Users\daksh\AppData\Local\Temp\abc_tech_lib\cadence.genlib,C:\Users\daksh\AppData\Local\Temp\abc_tech_lib\cadence.super,map -B 0.9,read_library /mnt/c/Users/daksh/AppData/Local/Temp/abc_tech_lib/cadence.genlib
dynamic_node_orig,abc2,dynamic_node_orig_abc2_opt,22210.72,cadence.genlib,C:\Users\daksh\Desktop\Semester 6\CS533 - ML for EDA\abc-master\tech_lib\cadence.genlib,C:\Users\daksh\AppData\Local\Temp\abc_tech_lib\cadence.genlib,C:\Users\daksh\AppData\Local\Temp\abc_tech_lib\cadence.super,map -B 0.9,read_library /mnt/c/Users/daksh/AppData/Local/Temp/abc_tech_lib/cadence.genlib
dynamic_node_orig,abc3,dynamic_node_orig_abc3_opt,20813.04,cadence.genlib,C:\Users\daksh\Desktop\Semester 6\CS533 - ML for EDA\abc-master\tech_lib\cadence.genlib,C:\Users\daksh\AppData\Local\Temp\abc_tech_lib\cadence.genlib,C:\Users\daksh\AppData\Local\Temp\abc_tech_lib\cadence.super,map -B 0.9,read_library /mnt/c/Users/daksh/AppData/Local/Temp/abc_tech_lib/cadence.genlib
dynamic_node_orig,abc4,dynamic_node_orig_abc4_opt,22217.58,cadence.genlib,C:\Users\daksh\Desktop\Semester 6\CS533 - ML for EDA\abc-master\tech_lib\cadence.genlib,C:\Users\daksh\AppData\Local\Temp\abc_tech_lib\cadence.genlib,C:\Users\daksh\AppData\Local\Temp\abc_tech_lib\cadence.super,map -B 0.9,read_library /mnt/c/Users/daksh/AppData/Local/Temp/abc_tech_lib/cadence.genlib
dynamic_node_orig,abc5,dynamic_node_orig_abc5_opt,20114.67,cadence.genlib,C:\Users\daksh\Desktop\Semester 6\CS533 - ML for EDA\abc-master\tech_lib\cadence.genlib,C:\Users\daksh\AppData\Local\Temp\abc_tech_lib\cadence.genlib,C:\Users\daksh\AppData\Local\Temp\abc_tech_lib\cadence.super,map -B 0.9,read_library /mnt/c/Users/daksh/AppData/Local/Temp/abc_tech_lib/cadence.genlib
dynamic_node_orig,abc6,dynamic_node_orig_abc6_opt,19877.39,cadence.genlib,C:\Users\daksh\Desktop\Semester 6\CS533 - ML for EDA\abc-master\tech_lib\cadence.genlib,C:\Users\daksh\AppData\Local\Temp\abc_tech_lib\cadence.genlib,C:\Users\daksh\AppData\Local\Temp\abc_tech_lib\cadence.super,map -B 0.9,read_library /mnt/c/Users/daksh/AppData/Local/Temp/abc_tech_lib/cadence.genlib
dynamic_node_orig,abc7,dynamic_node_orig_abc7_opt,20170.52,cadence.genlib,C:\Users\daksh\Desktop\Semester 6\CS533 - ML for EDA\abc-master\tech_lib\cadence.genlib,C:\Users\daksh\AppData\Local\Temp\abc_tech_lib\cadence.genlib,C:\Users\daksh\AppData\Local\Temp\abc_tech_lib\cadence.super,map -B 0.9,read_library /mnt/c/Users/daksh/AppData/Local/Temp/abc_tech_lib/cadence.genlib
dynamic_node_orig,abc8,dynamic_node_orig_abc8_opt,21838.78,cadence.genlib,C:\Users\daksh\Desktop\Semester 6\CS533 - ML for EDA\abc-master\tech_lib\cadence.genlib,C:\Users\daksh\AppData\Local\Temp\abc_tech_lib\cadence.genlib,C:\Users\daksh\AppData\Local\Temp\abc_tech_lib\cadence.super,map -B 0.9,read_library /mnt/c/Users/daksh/AppData/Local/Temp/abc_tech_lib/cadence.genlib
dynamic_node_orig,abc9,dynamic_node_orig_abc9_opt,21247.91,cadence.genlib,C:\Users\daksh\Desktop\Semester 6\CS533 - ML for EDA\abc-master\tech_lib\cadence.genlib,C:\Users\daksh\AppData\Local\Temp\abc_tech_lib\cadence.genlib,C:\Users\daksh\AppData\Local\Temp\abc_tech_lib\cadence.super,map -B 0.9,read_library /mnt/c/Users/daksh/AppData/Local/Temp/abc_tech_lib/cadence.genlib
ethernet_orig,abc0,ethernet_orig_abc0_opt,68907.68,cadence.genlib,C:\Users\daksh\Desktop\Semester 6\CS533 - ML for EDA\abc-master\tech_lib\cadence.genlib,C:\Users\daksh\AppData\Local\Temp\abc_tech_lib\cadence.genlib,C:\Users\daksh\AppData\Local\Temp\abc_tech_lib\cadence.super,map -B 0.9,read_library /mnt/c/Users/daksh/AppData/Local/Temp/abc_tech_lib/cadence.genlib
ethernet_orig,abc1,ethernet_orig_abc1_opt,71425.05,cadence.genlib,C:\Users\daksh\Desktop\Semester 6\CS533 - ML for EDA\abc-master\tech_lib\cadence.genlib,C:\Users\daksh\AppData\Local\Temp\abc_tech_lib\cadence.genlib,C:\Users\daksh\AppData\Local\Temp\abc_tech_lib\cadence.super,map -B 0.9,read_library /mnt/c/Users/daksh/AppData/Local/Temp/abc_tech_lib/cadence.genlib
ethernet_orig,abc10,ethernet_orig_abc10_opt,68245.06,cadence.genlib,C:\Users\daksh\Desktop\Semester 6\CS533 - ML for EDA\abc-master\tech_lib\cadence.genlib,C:\Users\daksh\AppData\Local\Temp\abc_tech_lib\cadence.genlib,C:\Users\daksh\AppData\Local\Temp\abc_tech_lib\cadence.super,map -B 0.9,read_library /mnt/c/Users/daksh/AppData/Local/Temp/abc_tech_lib/cadence.genlib
ethernet_orig,abc11,ethernet_orig_abc11_opt,69851.41,cadence.genlib,C:\Users\daksh\Desktop\Semester 6\CS533 - ML for EDA\abc-master\tech_lib\cadence.genlib,C:\Users\daksh\AppData\Local\Temp\abc_tech_lib\cadence.genlib,C:\Users\daksh\AppData\Local\Temp\abc_tech_lib\cadence.super,map -B 0.9,read_library /mnt/c/Users/daksh/AppData/Local/Temp/abc_tech_lib/cadence.genlib
ethernet_orig,abc12,ethernet_orig_abc12_opt,70135.63,cadence.genlib,C:\Users\daksh\Desktop\Semester 6\CS533 - ML for EDA\abc-master\tech_lib\cadence.genlib,C:\Users\daksh\AppData\Local\Temp\abc_tech_lib\cadence.genlib,C:\Users\daksh\AppData\Local\Temp\abc_tech_lib\cadence.super,map -B 0.9,read_library /mnt/c/Users/daksh/AppData/Local/Temp/abc_tech_lib/cadence.genlib
ethernet_orig,abc13,ethernet_orig_abc13_opt,69778.91,cadence.genlib,C:\Users\daksh\Desktop\Semester 6\CS533 - ML for EDA\abc-master\tech_lib\cadence.genlib,C:\Users\daksh\AppData\Local\Temp\abc_tech_lib\cadence.genlib,C:\Users\daksh\AppData\Local\Temp\abc_tech_lib\cadence.super,map -B 0.9,read_library /mnt/c/Users/daksh/AppData/Local/Temp/abc_tech_lib/cadence.genlib
ethernet_orig,abc14,ethernet_orig_abc14_opt,71232.15,cadence.genlib,C:\Users\daksh\Desktop\Semester 6\CS533 - ML for EDA\abc-master\tech_lib\cadence.genlib,C:\Users\daksh\AppData\Local\Temp\abc_tech_lib\cadence.genlib,C:\Users\daksh\AppData\Local\Temp\abc_tech_lib\cadence.super,map -B 0.9,read_library /mnt/c/Users/daksh/AppData/Local/Temp/abc_tech_lib/cadence.genlib
ethernet_orig,abc15,ethernet_orig_abc15_opt,71757.32,cadence.genlib,C:\Users\daksh\Desktop\Semester 6\CS533 - ML for EDA\abc-master\tech_lib\cadence.genlib,C:\Users\daksh\AppData\Local\Temp\abc_tech_lib\cadence.genlib,C:\Users\daksh\AppData\Local\Temp\abc_tech_lib\cadence.super,map -B 0.9,read_library /mnt/c/Users/daksh/AppData/Local/Temp/abc_tech_lib/cadence.genlib
ethernet_orig,abc2,ethernet_orig_abc2_opt,69921.3,cadence.genlib,C:\Users\daksh\Desktop\Semester 6\CS533 - ML for EDA\abc-master\tech_lib\cadence.genlib,C:\Users\daksh\AppData\Local\Temp\abc_tech_lib\cadence.genlib,C:\Users\daksh\AppData\Local\Temp\abc_tech_lib\cadence.super,map -B 0.9,read_library /mnt/c/Users/daksh/AppData/Local/Temp/abc_tech_lib/cadence.genlib
ethernet_orig,abc3,ethernet_orig_abc3_opt,69110.52,cadence.genlib,C:\Users\daksh\Desktop\Semester 6\CS533 - ML for EDA\abc-master\tech_lib\cadence.genlib,C:\Users\daksh\AppData\Local\Temp\abc_tech_lib\cadence.genlib,C:\Users\daksh\AppData\Local\Temp\abc_tech_lib\cadence.super,map -B 0.9,read_library /mnt/c/Users/daksh/AppData/Local/Temp/abc_tech_lib/cadence.genlib
ethernet_orig,abc4,ethernet_orig_abc4_opt,70491.0,cadence.genlib,C:\Users\daksh\Desktop\Semester 6\CS533 - ML for EDA\abc-master\tech_lib\cadence.genlib,C:\Users\daksh\AppData\Local\Temp\abc_tech_lib\cadence.genlib,C:\Users\daksh\AppData\Local\Temp\abc_tech_lib\cadence.super,map -B 0.9,read_library /mnt/c/Users/daksh/AppData/Local/Temp/abc_tech_lib/cadence.genlib
ethernet_orig,abc5,ethernet_orig_abc5_opt,68940.43,cadence.genlib,C:\Users\daksh\Desktop\Semester 6\CS533 - ML for EDA\abc-master\tech_lib\cadence.genlib,C:\Users\daksh\AppData\Local\Temp\abc_tech_lib\cadence.genlib,C:\Users\daksh\AppData\Local\Temp\abc_tech_lib\cadence.super,map -B 0.9,read_library /mnt/c/Users/daksh/AppData/Local/Temp/abc_tech_lib/cadence.genlib
ethernet_orig,abc6,ethernet_orig_abc6_opt,70905.02,cadence.genlib,C:\Users\daksh\Desktop\Semester 6\CS533 - ML for EDA\abc-master\tech_lib\cadence.genlib,C:\Users\daksh\AppData\Local\Temp\abc_tech_lib\cadence.genlib,C:\Users\daksh\AppData\Local\Temp\abc_tech_lib\cadence.super,map -B 0.9,read_library /mnt/c/Users/daksh/AppData/Local/Temp/abc_tech_lib/cadence.genlib
ethernet_orig,abc7,ethernet_orig_abc7_opt,70303.7,cadence.genlib,C:\Users\daksh\Desktop\Semester 6\CS533 - ML for EDA\abc-master\tech_lib\cadence.genlib,C:\Users\daksh\AppData\Local\Temp\abc_tech_lib\cadence.genlib,C:\Users\daksh\AppData\Local\Temp\abc_tech_lib\cadence.super,map -B 0.9,read_library /mnt/c/Users/daksh/AppData/Local/Temp/abc_tech_lib/cadence.genlib
ethernet_orig,abc8,ethernet_orig_abc8_opt,69809.77,cadence.genlib,C:\Users\daksh\Desktop\Semester 6\CS533 - ML for EDA\abc-master\tech_lib\cadence.genlib,C:\Users\daksh\AppData\Local\Temp\abc_tech_lib\cadence.genlib,C:\Users\daksh\AppData\Local\Temp\abc_tech_lib\cadence.super,map -B 0.9,read_library /mnt/c/Users/daksh/AppData/Local/Temp/abc_tech_lib/cadence.genlib
ethernet_orig,abc9,ethernet_orig_abc9_opt,69384.38,cadence.genlib,C:\Users\daksh\Desktop\Semester 6\CS533 - ML for EDA\abc-master\tech_lib\cadence.genlib,C:\Users\daksh\AppData\Local\Temp\abc_tech_lib\cadence.genlib,C:\Users\daksh\AppData\Local\Temp\abc_tech_lib\cadence.super,map -B 0.9,read_library /mnt/c/Users/daksh/AppData/Local/Temp/abc_tech_lib/cadence.genlib
fir_orig,abc0,fir_orig_abc0_opt,3518.12,cadence.genlib,C:\Users\daksh\Desktop\Semester 6\CS533 - ML for EDA\abc-master\tech_lib\cadence.genlib,C:\Users\daksh\AppData\Local\Temp\abc_tech_lib\cadence.genlib,C:\Users\daksh\AppData\Local\Temp\abc_tech_lib\cadence.super,map -B 0.9,read_library /mnt/c/Users/daksh/AppData/Local/Temp/abc_tech_lib/cadence.genlib
fir_orig,abc1,fir_orig_abc1_opt,3331.57,cadence.genlib,C:\Users\daksh\Desktop\Semester 6\CS533 - ML for EDA\abc-master\tech_lib\cadence.genlib,C:\Users\daksh\AppData\Local\Temp\abc_tech_lib\cadence.genlib,C:\Users\daksh\AppData\Local\Temp\abc_tech_lib\cadence.super,map -B 0.9,read_library /mnt/c/Users/daksh/AppData/Local/Temp/abc_tech_lib/cadence.genlib
fir_orig,abc10,fir_orig_abc10_opt,3432.71,cadence.genlib,C:\Users\daksh\Desktop\Semester 6\CS533 - ML for EDA\abc-master\tech_lib\cadence.genlib,C:\Users\daksh\AppData\Local\Temp\abc_tech_lib\cadence.genlib,C:\Users\daksh\AppData\Local\Temp\abc_tech_lib\cadence.super,map -B 0.9,read_library /mnt/c/Users/daksh/AppData/Local/Temp/abc_tech_lib/cadence.genlib
fir_orig,abc11,fir_orig_abc11_opt,3419.07,cadence.genlib,C:\Users\daksh\Desktop\Semester 6\CS533 - ML for EDA\abc-master\tech_lib\cadence.genlib,C:\Users\daksh\AppData\Local\Temp\abc_tech_lib\cadence.genlib,C:\Users\daksh\AppData\Local\Temp\abc_tech_lib\cadence.super,map -B 0.9,read_library /mnt/c/Users/daksh/AppData/Local/Temp/abc_tech_lib/cadence.genlib
fir_orig,abc12,fir_orig_abc12_opt,3262.33,cadence.genlib,C:\Users\daksh\Desktop\Semester 6\CS533 - ML for EDA\abc-master\tech_lib\cadence.genlib,C:\Users\daksh\AppData\Local\Temp\abc_tech_lib\cadence.genlib,C:\Users\daksh\AppData\Local\Temp\abc_tech_lib\cadence.super,map -B 0.9,read_library /mnt/c/Users/daksh/AppData/Local/Temp/abc_tech_lib/cadence.genlib
fir_orig,abc13,fir_orig_abc13_opt,3456.1,cadence.genlib,C:\Users\daksh\Desktop\Semester 6\CS533 - ML for EDA\abc-master\tech_lib\cadence.genlib,C:\Users\daksh\AppData\Local\Temp\abc_tech_lib\cadence.genlib,C:\Users\daksh\AppData\Local\Temp\abc_tech_lib\cadence.super,map -B 0.9,read_library /mnt/c/Users/daksh/AppData/Local/Temp/abc_tech_lib/cadence.genlib
fir_orig,abc14,fir_orig_abc14_opt,3449.31,cadence.genlib,C:\Users\daksh\Desktop\Semester 6\CS533 - ML for EDA\abc-master\tech_lib\cadence.genlib,C:\Users\daksh\AppData\Local\Temp\abc_tech_lib\cadence.genlib,C:\Users\daksh\AppData\Local\Temp\abc_tech_lib\cadence.super,map -B 0.9,read_library /mnt/c/Users/daksh/AppData/Local/Temp/abc_tech_lib/cadence.genlib
fir_orig,abc15,fir_orig_abc15_opt,3310.9,cadence.genlib,C:\Users\daksh\Desktop\Semester 6\CS533 - ML for EDA\abc-master\tech_lib\cadence.genlib,C:\Users\daksh\AppData\Local\Temp\abc_tech_lib\cadence.genlib,C:\Users\daksh\AppData\Local\Temp\abc_tech_lib\cadence.super,map -B 0.9,read_library /mnt/c/Users/daksh/AppData/Local/Temp/abc_tech_lib/cadence.genlib
fir_orig,abc2,fir_orig_abc2_opt,3464.6,cadence.genlib,C:\Users\daksh\Desktop\Semester 6\CS533 - ML for EDA\abc-master\tech_lib\cadence.genlib,C:\Users\daksh\AppData\Local\Temp\abc_tech_lib\cadence.genlib,C:\Users\daksh\AppData\Local\Temp\abc_tech_lib\cadence.super,map -B 0.9,read_library /mnt/c/Users/daksh/AppData/Local/Temp/abc_tech_lib/cadence.genlib
fir_orig,abc3,fir_orig_abc3_opt,3289.06,cadence.genlib,C:\Users\daksh\Desktop\Semester 6\CS533 - ML for EDA\abc-master\tech_lib\cadence.genlib,C:\Users\daksh\AppData\Local\Temp\abc_tech_lib\cadence.genlib,C:\Users\daksh\AppData\Local\Temp\abc_tech_lib\cadence.super,map -B 0.9,read_library /mnt/c/Users/daksh/AppData/Local/Temp/abc_tech_lib/cadence.genlib
fir_orig,abc4,fir_orig_abc4_opt,3323.19,cadence.genlib,C:\Users\daksh\Desktop\Semester 6\CS533 - ML for EDA\abc-master\tech_lib\cadence.genlib,C:\Users\daksh\AppData\Local\Temp\abc_tech_lib\cadence.genlib,C:\Users\daksh\AppData\Local\Temp\abc_tech_lib\cadence.super,map -B 0.9,read_library /mnt/c/Users/daksh/AppData/Local/Temp/abc_tech_lib/cadence.genlib
fir_orig,abc5,fir_orig_abc5_opt,3373.83,cadence.genlib,C:\Users\daksh\Desktop\Semester 6\CS533 - ML for EDA\abc-master\tech_lib\cadence.genlib,C:\Users\daksh\AppData\Local\Temp\abc_tech_lib\cadence.genlib,C:\Users\daksh\AppData\Local\Temp\abc_tech_lib\cadence.super,map -B 0.9,read_library /mnt/c/Users/daksh/AppData/Local/Temp/abc_tech_lib/cadence.genlib
fir_orig,abc6,fir_orig_abc6_opt,3516.5,cadence.genlib,C:\Users\daksh\Desktop\Semester 6\CS533 - ML for EDA\abc-master\tech_lib\cadence.genlib,C:\Users\daksh\AppData\Local\Temp\abc_tech_lib\cadence.genlib,C:\Users\daksh\AppData\Local\Temp\abc_tech_lib\cadence.super,map -B 0.9,read_library /mnt/c/Users/daksh/AppData/Local/Temp/abc_tech_lib/cadence.genlib
fir_orig,abc7,fir_orig_abc7_opt,3401.79,cadence.genlib,C:\Users\daksh\Desktop\Semester 6\CS533 - ML for EDA\abc-master\tech_lib\cadence.genlib,C:\Users\daksh\AppData\Local\Temp\abc_tech_lib\cadence.genlib,C:\Users\daksh\AppData\Local\Temp\abc_tech_lib\cadence.super,map -B 0.9,read_library /mnt/c/Users/daksh/AppData/Local/Temp/abc_tech_lib/cadence.genlib
fir_orig,abc8,fir_orig_abc8_opt,3297.39,cadence.genlib,C:\Users\daksh\Desktop\Semester 6\CS533 - ML for EDA\abc-master\tech_lib\cadence.genlib,C:\Users\daksh\AppData\Local\Temp\abc_tech_lib\cadence.genlib,C:\Users\daksh\AppData\Local\Temp\abc_tech_lib\cadence.super,map -B 0.9,read_library /mnt/c/Users/daksh/AppData/Local/Temp/abc_tech_lib/cadence.genlib
fir_orig,abc9,fir_orig_abc9_opt,3349.7,cadence.genlib,C:\Users\daksh\Desktop\Semester 6\CS533 - ML for EDA\abc-master\tech_lib\cadence.genlib,C:\Users\daksh\AppData\Local\Temp\abc_tech_lib\cadence.genlib,C:\Users\daksh\AppData\Local\Temp\abc_tech_lib\cadence.super,map -B 0.9,read_library /mnt/c/Users/daksh/AppData/Local/Temp/abc_tech_lib/cadence.genlib
fpu_orig,abc0,fpu_orig_abc0_opt,21356.32,cadence.genlib,C:\Users\daksh\Desktop\Semester 6\CS533 - ML for EDA\abc-master\tech_lib\cadence.genlib,C:\Users\daksh\AppData\Local\Temp\abc_tech_lib\cadence.genlib,C:\Users\daksh\AppData\Local\Temp\abc_tech_lib\cadence.super,map -B 0.9,read_library /mnt/c/Users/daksh/AppData/Local/Temp/abc_tech_lib/cadence.genlib
fpu_orig,abc1,fpu_orig_abc1_opt,21121.97,cadence.genlib,C:\Users\daksh\Desktop\Semester 6\CS533 - ML for EDA\abc-master\tech_lib\cadence.genlib,C:\Users\daksh\AppData\Local\Temp\abc_tech_lib\cadence.genlib,C:\Users\daksh\AppData\Local\Temp\abc_tech_lib\cadence.super,map -B 0.9,read_library /mnt/c/Users/daksh/AppData/Local/Temp/abc_tech_lib/cadence.genlib
fpu_orig,abc10,fpu_orig_abc10_opt,20925.73,cadence.genlib,C:\Users\daksh\Desktop\Semester 6\CS533 - ML for EDA\abc-master\tech_lib\cadence.genlib,C:\Users\daksh\AppData\Local\Temp\abc_tech_lib\cadence.genlib,C:\Users\daksh\AppData\Local\Temp\abc_tech_lib\cadence.super,map -B 0.9,read_library /mnt/c/Users/daksh/AppData/Local/Temp/abc_tech_lib/cadence.genlib
fpu_orig,abc11,fpu_orig_abc11_opt,20615.16,cadence.genlib,C:\Users\daksh\Desktop\Semester 6\CS533 - ML for EDA\abc-master\tech_lib\cadence.genlib,C:\Users\daksh\AppData\Local\Temp\abc_tech_lib\cadence.genlib,C:\Users\daksh\AppData\Local\Temp\abc_tech_lib\cadence.super,map -B 0.9,read_library /mnt/c/Users/daksh/AppData/Local/Temp/abc_tech_lib/cadence.genlib
fpu_orig,abc12,fpu_orig_abc12_opt,21137.32,cadence.genlib,C:\Users\daksh\Desktop\Semester 6\CS533 - ML for EDA\abc-master\tech_lib\cadence.genlib,C:\Users\daksh\AppData\Local\Temp\abc_tech_lib\cadence.genlib,C:\Users\daksh\AppData\Local\Temp\abc_tech_lib\cadence.super,map -B 0.9,read_library /mnt/c/Users/daksh/AppData/Local/Temp/abc_tech_lib/cadence.genlib
fpu_orig,abc13,fpu_orig_abc13_opt,20839.12,cadence.genlib,C:\Users\daksh\Desktop\Semester 6\CS533 - ML for EDA\abc-master\tech_lib\cadence.genlib,C:\Users\daksh\AppData\Local\Temp\abc_tech_lib\cadence.genlib,C:\Users\daksh\AppData\Local\Temp\abc_tech_lib\cadence.super,map -B 0.9,read_library /mnt/c/Users/daksh/AppData/Local/Temp/abc_tech_lib/cadence.genlib
fpu_orig,abc14,fpu_orig_abc14_opt,21417.32,cadence.genlib,C:\Users\daksh\Desktop\Semester 6\CS533 - ML for EDA\abc-master\tech_lib\cadence.genlib,C:\Users\daksh\AppData\Local\Temp\abc_tech_lib\cadence.genlib,C:\Users\daksh\AppData\Local\Temp\abc_tech_lib\cadence.super,map -B 0.9,read_library /mnt/c/Users/daksh/AppData/Local/Temp/abc_tech_lib/cadence.genlib
fpu_orig,abc15,fpu_orig_abc15_opt,21095.57,cadence.genlib,C:\Users\daksh\Desktop\Semester 6\CS533 - ML for EDA\abc-master\tech_lib\cadence.genlib,C:\Users\daksh\AppData\Local\Temp\abc_tech_lib\cadence.genlib,C:\Users\daksh\AppData\Local\Temp\abc_tech_lib\cadence.super,map -B 0.9,read_library /mnt/c/Users/daksh/AppData/Local/Temp/abc_tech_lib/cadence.genlib
fpu_orig,abc2,fpu_orig_abc2_opt,20420.54,cadence.genlib,C:\Users\daksh\Desktop\Semester 6\CS533 - ML for EDA\abc-master\tech_lib\cadence.genlib,C:\Users\daksh\AppData\Local\Temp\abc_tech_lib\cadence.genlib,C:\Users\daksh\AppData\Local\Temp\abc_tech_lib\cadence.super,map -B 0.9,read_library /mnt/c/Users/daksh/AppData/Local/Temp/abc_tech_lib/cadence.genlib
fpu_orig,abc3,fpu_orig_abc3_opt,20917.33,cadence.genlib,C:\Users\daksh\Desktop\Semester 6\CS533 - ML for EDA\abc-master\tech_lib\cadence.genlib,C:\Users\daksh\AppData\Local\Temp\abc_tech_lib\cadence.genlib,C:\Users\daksh\AppData\Local\Temp\abc_tech_lib\cadence.super,map -B 0.9,read_library /mnt/c/Users/daksh/AppData/Local/Temp/abc_tech_lib/cadence.genlib
fpu_orig,abc4,fpu_orig_abc4_opt,20367.57,cadence.genlib,C:\Users\daksh\Desktop\Semester 6\CS533 - ML for EDA\abc-master\tech_lib\cadence.genlib,C:\Users\daksh\AppData\Local\Temp\abc_tech_lib\cadence.genlib,C:\Users\daksh\AppData\Local\Temp\abc_tech_lib\cadence.super,map -B 0.9,read_library /mnt/c/Users/daksh/AppData/Local/Temp/abc_tech_lib/cadence.genlib
fpu_orig,abc5,fpu_orig_abc5_opt,20640.61,cadence.genlib,C:\Users\daksh\Desktop\Semester 6\CS533 - ML for EDA\abc-master\tech_lib\cadence.genlib,C:\Users\daksh\AppData\Local\Temp\abc_tech_lib\cadence.genlib,C:\Users\daksh\AppData\Local\Temp\abc_tech_lib\cadence.super,map -B 0.9,read_library /mnt/c/Users/daksh/AppData/Local/Temp/abc_tech_lib/cadence.genlib
fpu_orig,abc6,fpu_orig_abc6_opt,20681.23,cadence.genlib,C:\Users\daksh\Desktop\Semester 6\CS533 - ML for EDA\abc-master\tech_lib\cadence.genlib,C:\Users\daksh\AppData\Local\Temp\abc_tech_lib\cadence.genlib,C:\Users\daksh\AppData\Local\Temp\abc_tech_lib\cadence.super,map -B 0.9,read_library /mnt/c/Users/daksh/AppData/Local/Temp/abc_tech_lib/cadence.genlib
fpu_orig,abc7,fpu_orig_abc7_opt,20829.92,cadence.genlib,C:\Users\daksh\Desktop\Semester 6\CS533 - ML for EDA\abc-master\tech_lib\cadence.genlib,C:\Users\daksh\AppData\Local\Temp\abc_tech_lib\cadence.genlib,C:\Users\daksh\AppData\Local\Temp\abc_tech_lib\cadence.super,map -B 0.9,read_library /mnt/c/Users/daksh/AppData/Local/Temp/abc_tech_lib/cadence.genlib
fpu_orig,abc8,fpu_orig_abc8_opt,20717.79,cadence.genlib,C:\Users\daksh\Desktop\Semester 6\CS533 - ML for EDA\abc-master\tech_lib\cadence.genlib,C:\Users\daksh\AppData\Local\Temp\abc_tech_lib\cadence.genlib,C:\Users\daksh\AppData\Local\Temp\abc_tech_lib\cadence.super,map -B 0.9,read_library /mnt/c/Users/daksh/AppData/Local/Temp/abc_tech_lib/cadence.genlib
fpu_orig,abc9,fpu_orig_abc9_opt,20716.89,cadence.genlib,C:\Users\daksh\Desktop\Semester 6\CS533 - ML for EDA\abc-master\tech_lib\cadence.genlib,C:\Users\daksh\AppData\Local\Temp\abc_tech_lib\cadence.genlib,C:\Users\daksh\AppData\Local\Temp\abc_tech_lib\cadence.super,map -B 0.9,read_library /mnt/c/Users/daksh/AppData/Local/Temp/abc_tech_lib/cadence.genlib
i10_orig,abc0,i10_orig_abc0_opt,1620.15,cadence.genlib,C:\Users\daksh\Desktop\Semester 6\CS533 - ML for EDA\abc-master\tech_lib\cadence.genlib,C:\Users\daksh\AppData\Local\Temp\abc_tech_lib\cadence.genlib,C:\Users\daksh\AppData\Local\Temp\abc_tech_lib\cadence.super,map -B 0.9,read_library /mnt/c/Users/daksh/AppData/Local/Temp/abc_tech_lib/cadence.genlib
i10_orig,abc1,i10_orig_abc1_opt,1581.88,cadence.genlib,C:\Users\daksh\Desktop\Semester 6\CS533 - ML for EDA\abc-master\tech_lib\cadence.genlib,C:\Users\daksh\AppData\Local\Temp\abc_tech_lib\cadence.genlib,C:\Users\daksh\AppData\Local\Temp\abc_tech_lib\cadence.super,map -B 0.9,read_library /mnt/c/Users/daksh/AppData/Local/Temp/abc_tech_lib/cadence.genlib
i10_orig,abc10,i10_orig_abc10_opt,1607.85,cadence.genlib,C:\Users\daksh\Desktop\Semester 6\CS533 - ML for EDA\abc-master\tech_lib\cadence.genlib,C:\Users\daksh\AppData\Local\Temp\abc_tech_lib\cadence.genlib,C:\Users\daksh\AppData\Local\Temp\abc_tech_lib\cadence.super,map -B 0.9,read_library /mnt/c/Users/daksh/AppData/Local/Temp/abc_tech_lib/cadence.genlib
i10_orig,abc11,i10_orig_abc11_opt,1507.28,cadence.genlib,C:\Users\daksh\Desktop\Semester 6\CS533 - ML for EDA\abc-master\tech_lib\cadence.genlib,C:\Users\daksh\AppData\Local\Temp\abc_tech_lib\cadence.genlib,C:\Users\daksh\AppData\Local\Temp\abc_tech_lib\cadence.super,map -B 0.9,read_library /mnt/c/Users/daksh/AppData/Local/Temp/abc_tech_lib/cadence.genlib
i10_orig,abc12,i10_orig_abc12_opt,1643.18,cadence.genlib,C:\Users\daksh\Desktop\Semester 6\CS533 - ML for EDA\abc-master\tech_lib\cadence.genlib,C:\Users\daksh\AppData\Local\Temp\abc_tech_lib\cadence.genlib,C:\Users\daksh\AppData\Local\Temp\abc_tech_lib\cadence.super,map -B 0.9,read_library /mnt/c/Users/daksh/AppData/Local/Temp/abc_tech_lib/cadence.genlib
i10_orig,abc13,i10_orig_abc13_opt,1618.44,cadence.genlib,C:\Users\daksh\Desktop\Semester 6\CS533 - ML for EDA\abc-master\tech_lib\cadence.genlib,C:\Users\daksh\AppData\Local\Temp\abc_tech_lib\cadence.genlib,C:\Users\daksh\AppData\Local\Temp\abc_tech_lib\cadence.super,map -B 0.9,read_library /mnt/c/Users/daksh/AppData/Local/Temp/abc_tech_lib/cadence.genlib
i10_orig,abc14,i10_orig_abc14_opt,1602.97,cadence.genlib,C:\Users\daksh\Desktop\Semester 6\CS533 - ML for EDA\abc-master\tech_lib\cadence.genlib,C:\Users\daksh\AppData\Local\Temp\abc_tech_lib\cadence.genlib,C:\Users\daksh\AppData\Local\Temp\abc_tech_lib\cadence.super,map -B 0.9,read_library /mnt/c/Users/daksh/AppData/Local/Temp/abc_tech_lib/cadence.genlib
i10_orig,abc15,i10_orig_abc15_opt,1569.16,cadence.genlib,C:\Users\daksh\Desktop\Semester 6\CS533 - ML for EDA\abc-master\tech_lib\cadence.genlib,C:\Users\daksh\AppData\Local\Temp\abc_tech_lib\cadence.genlib,C:\Users\daksh\AppData\Local\Temp\abc_tech_lib\cadence.super,map -B 0.9,read_library /mnt/c/Users/daksh/AppData/Local/Temp/abc_tech_lib/cadence.genlib
i10_orig,abc2,i10_orig_abc2_opt,1610.52,cadence.genlib,C:\Users\daksh\Desktop\Semester 6\CS533 - ML for EDA\abc-master\tech_lib\cadence.genlib,C:\Users\daksh\AppData\Local\Temp\abc_tech_lib\cadence.genlib,C:\Users\daksh\AppData\Local\Temp\abc_tech_lib\cadence.super,map -B 0.9,read_library /mnt/c/Users/daksh/AppData/Local/Temp/abc_tech_lib/cadence.genlib
i10_orig,abc3,i10_orig_abc3_opt,1506.27,cadence.genlib,C:\Users\daksh\Desktop\Semester 6\CS533 - ML for EDA\abc-master\tech_lib\cadence.genlib,C:\Users\daksh\AppData\Local\Temp\abc_tech_lib\cadence.genlib,C:\Users\daksh\AppData\Local\Temp\abc_tech_lib\cadence.super,map -B 0.9,read_library /mnt/c/Users/daksh/AppData/Local/Temp/abc_tech_lib/cadence.genlib
i10_orig,abc4,i10_orig_abc4_opt,1643.1,cadence.genlib,C:\Users\daksh\Desktop\Semester 6\CS533 - ML for EDA\abc-master\tech_lib\cadence.genlib,C:\Users\daksh\AppData\Local\Temp\abc_tech_lib\cadence.genlib,C:\Users\daksh\AppData\Local\Temp\abc_tech_lib\cadence.super,map -B 0.9,read_library /mnt/c/Users/daksh/AppData/Local/Temp/abc_tech_lib/cadence.genlib
i10_orig,abc5,i10_orig_abc5_opt,1498.99,cadence.genlib,C:\Users\daksh\Desktop\Semester 6\CS533 - ML for EDA\abc-master\tech_lib\cadence.genlib,C:\Users\daksh\AppData\Local\Temp\abc_tech_lib\cadence.genlib,C:\Users\daksh\AppData\Local\Temp\abc_tech_lib\cadence.super,map -B 0.9,read_library /mnt/c/Users/daksh/AppData/Local/Temp/abc_tech_lib/cadence.genlib
i10_orig,abc6,i10_orig_abc6_opt,1610.59,cadence.genlib,C:\Users\daksh\Desktop\Semester 6\CS533 - ML for EDA\abc-master\tech_lib\cadence.genlib,C:\Users\daksh\AppData\Local\Temp\abc_tech_lib\cadence.genlib,C:\Users\daksh\AppData\Local\Temp\abc_tech_lib\cadence.super,map -B 0.9,read_library /mnt/c/Users/daksh/AppData/Local/Temp/abc_tech_lib/cadence.genlib
i10_orig,abc7,i10_orig_abc7_opt,1583.71,cadence.genlib,C:\Users\daksh\Desktop\Semester 6\CS533 - ML for EDA\abc-master\tech_lib\cadence.genlib,C:\Users\daksh\AppData\Local\Temp\abc_tech_lib\cadence.genlib,C:\Users\daksh\AppData\Local\Temp\abc_tech_lib\cadence.super,map -B 0.9,read_library /mnt/c/Users/daksh/AppData/Local/Temp/abc_tech_lib/cadence.genlib
i10_orig,abc8,i10_orig_abc8_opt,1689.79,cadence.genlib,C:\Users\daksh\Desktop\Semester 6\CS533 - ML for EDA\abc-master\tech_lib\cadence.genlib,C:\Users\daksh\AppData\Local\Temp\abc_tech_lib\cadence.genlib,C:\Users\daksh\AppData\Local\Temp\abc_tech_lib\cadence.super,map -B 0.9,read_library /mnt/c/Users/daksh/AppData/Local/Temp/abc_tech_lib/cadence.genlib
i10_orig,abc9,i10_orig_abc9_opt,1576.13,cadence.genlib,C:\Users\daksh\Desktop\Semester 6\CS533 - ML for EDA\abc-master\tech_lib\cadence.genlib,C:\Users\daksh\AppData\Local\Temp\abc_tech_lib\cadence.genlib,C:\Users\daksh\AppData\Local\Temp\abc_tech_lib\cadence.super,map -B 0.9,read_library /mnt/c/Users/daksh/AppData/Local/Temp/abc_tech_lib/cadence.genlib
i2c_orig,abc0,i2c_orig_abc0_opt,948.77,cadence.genlib,C:\Users\daksh\Desktop\Semester 6\CS533 - ML for EDA\abc-master\tech_lib\cadence.genlib,C:\Users\daksh\AppData\Local\Temp\abc_tech_lib\cadence.genlib,C:\Users\daksh\AppData\Local\Temp\abc_tech_lib\cadence.super,map -B 0.9,read_library /mnt/c/Users/daksh/AppData/Local/Temp/abc_tech_lib/cadence.genlib
i2c_orig,abc1,i2c_orig_abc1_opt,1004.27,cadence.genlib,C:\Users\daksh\Desktop\Semester 6\CS533 - ML for EDA\abc-master\tech_lib\cadence.genlib,C:\Users\daksh\AppData\Local\Temp\abc_tech_lib\cadence.genlib,C:\Users\daksh\AppData\Local\Temp\abc_tech_lib\cadence.super,map -B 0.9,read_library /mnt/c/Users/daksh/AppData/Local/Temp/abc_tech_lib/cadence.genlib
i2c_orig,abc10,i2c_orig_abc10_opt,1016.65,cadence.genlib,C:\Users\daksh\Desktop\Semester 6\CS533 - ML for EDA\abc-master\tech_lib\cadence.genlib,C:\Users\daksh\AppData\Local\Temp\abc_tech_lib\cadence.genlib,C:\Users\daksh\AppData\Local\Temp\abc_tech_lib\cadence.super,map -B 0.9,read_library /mnt/c/Users/daksh/AppData/Local/Temp/abc_tech_lib/cadence.genlib
i2c_orig,abc11,i2c_orig_abc11_opt,972.95,cadence.genlib,C:\Users\daksh\Desktop\Semester 6\CS533 - ML for EDA\abc-master\tech_lib\cadence.genlib,C:\Users\daksh\AppData\Local\Temp\abc_tech_lib\cadence.genlib,C:\Users\daksh\AppData\Local\Temp\abc_tech_lib\cadence.super,map -B 0.9,read_library /mnt/c/Users/daksh/AppData/Local/Temp/abc_tech_lib/cadence.genlib
i2c_orig,abc12,i2c_orig_abc12_opt,969.75,cadence.genlib,C:\Users\daksh\Desktop\Semester 6\CS533 - ML for EDA\abc-master\tech_lib\cadence.genlib,C:\Users\daksh\AppData\Local\Temp\abc_tech_lib\cadence.genlib,C:\Users\daksh\AppData\Local\Temp\abc_tech_lib\cadence.super,map -B 0.9,read_library /mnt/c/Users/daksh/AppData/Local/Temp/abc_tech_lib/cadence.genlib
i2c_orig,abc13,i2c_orig_abc13_opt,980.41,cadence.genlib,C:\Users\daksh\Desktop\Semester 6\CS533 - ML for EDA\abc-master\tech_lib\cadence.genlib,C:\Users\daksh\AppData\Local\Temp\abc_tech_lib\cadence.genlib,C:\Users\daksh\AppData\Local\Temp\abc_tech_lib\cadence.super,map -B 0.9,read_library /mnt/c/Users/daksh/AppData/Local/Temp/abc_tech_lib/cadence.genlib
i2c_orig,abc14,i2c_orig_abc14_opt,986.18,cadence.genlib,C:\Users\daksh\Desktop\Semester 6\CS533 - ML for EDA\abc-master\tech_lib\cadence.genlib,C:\Users\daksh\AppData\Local\Temp\abc_tech_lib\cadence.genlib,C:\Users\daksh\AppData\Local\Temp\abc_tech_lib\cadence.super,map -B 0.9,read_library /mnt/c/Users/daksh/AppData/Local/Temp/abc_tech_lib/cadence.genlib
i2c_orig,abc15,i2c_orig_abc15_opt,1052.88,cadence.genlib,C:\Users\daksh\Desktop\Semester 6\CS533 - ML for EDA\abc-master\tech_lib\cadence.genlib,C:\Users\daksh\AppData\Local\Temp\abc_tech_lib\cadence.genlib,C:\Users\daksh\AppData\Local\Temp\abc_tech_lib\cadence.super,map -B 0.9,read_library /mnt/c/Users/daksh/AppData/Local/Temp/abc_tech_lib/cadence.genlib
i2c_orig,abc2,i2c_orig_abc2_opt,996.52,cadence.genlib,C:\Users\daksh\Desktop\Semester 6\CS533 - ML for EDA\abc-master\tech_lib\cadence.genlib,C:\Users\daksh\AppData\Local\Temp\abc_tech_lib\cadence.genlib,C:\Users\daksh\AppData\Local\Temp\abc_tech_lib\cadence.super,map -B 0.9,read_library /mnt/c/Users/daksh/AppData/Local/Temp/abc_tech_lib/cadence.genlib
i2c_orig,abc3,i2c_orig_abc3_opt,1105.02,cadence.genlib,C:\Users\daksh\Desktop\Semester 6\CS533 - ML for EDA\abc-master\tech_lib\cadence.genlib,C:\Users\daksh\AppData\Local\Temp\abc_tech_lib\cadence.genlib,C:\Users\daksh\AppData\Local\Temp\abc_tech_lib\cadence.super,map -B 0.9,read_library /mnt/c/Users/daksh/AppData/Local/Temp/abc_tech_lib/cadence.genlib
i2c_orig,abc4,i2c_orig_abc4_opt,936.08,cadence.genlib,C:\Users\daksh\Desktop\Semester 6\CS533 - ML for EDA\abc-master\tech_lib\cadence.genlib,C:\Users\daksh\AppData\Local\Temp\abc_tech_lib\cadence.genlib,C:\Users\daksh\AppData\Local\Temp\abc_tech_lib\cadence.super,map -B 0.9,read_library /mnt/c/Users/daksh/AppData/Local/Temp/abc_tech_lib/cadence.genlib
i2c_orig,abc5,i2c_orig_abc5_opt,857.7,cadence.genlib,C:\Users\daksh\Desktop\Semester 6\CS533 - ML for EDA\abc-master\tech_lib\cadence.genlib,C:\Users\daksh\AppData\Local\Temp\abc_tech_lib\cadence.genlib,C:\Users\daksh\AppData\Local\Temp\abc_tech_lib\cadence.super,map -B 0.9,read_library /mnt/c/Users/daksh/AppData/Local/Temp/abc_tech_lib/cadence.genlib
i2c_orig,abc6,i2c_orig_abc6_opt,941.11,cadence.genlib,C:\Users\daksh\Desktop\Semester 6\CS533 - ML for EDA\abc-master\tech_lib\cadence.genlib,C:\Users\daksh\AppData\Local\Temp\abc_tech_lib\cadence.genlib,C:\Users\daksh\AppData\Local\Temp\abc_tech_lib\cadence.super,map -B 0.9,read_library /mnt/c/Users/daksh/AppData/Local/Temp/abc_tech_lib/cadence.genlib
i2c_orig,abc7,i2c_orig_abc7_opt,919.59,cadence.genlib,C:\Users\daksh\Desktop\Semester 6\CS533 - ML for EDA\abc-master\tech_lib\cadence.genlib,C:\Users\daksh\AppData\Local\Temp\abc_tech_lib\cadence.genlib,C:\Users\daksh\AppData\Local\Temp\abc_tech_lib\cadence.super,map -B 0.9,read_library /mnt/c/Users/daksh/AppData/Local/Temp/abc_tech_lib/cadence.genlib
i2c_orig,abc8,i2c_orig_abc8_opt,950.55,cadence.genlib,C:\Users\daksh\Desktop\Semester 6\CS533 - ML for EDA\abc-master\tech_lib\cadence.genlib,C:\Users\daksh\AppData\Local\Temp\abc_tech_lib\cadence.genlib,C:\Users\daksh\AppData\Local\Temp\abc_tech_lib\cadence.super,map -B 0.9,read_library /mnt/c/Users/daksh/AppData/Local/Temp/abc_tech_lib/cadence.genlib
i2c_orig,abc9,i2c_orig_abc9_opt,922.3,cadence.genlib,C:\Users\daksh\Desktop\Semester 6\CS533 - ML for EDA\abc-master\tech_lib\cadence.genlib,C:\Users\daksh\AppData\Local\Temp\abc_tech_lib\cadence.genlib,C:\Users\daksh\AppData\Local\Temp\abc_tech_lib\cadence.super,map -B 0.9,read_library /mnt/c/Users/daksh/AppData/Local/Temp/abc_tech_lib/cadence.genlib
log2_orig,abc0,log2_orig_abc0_opt,19303.13,cadence.genlib,C:\Users\daksh\Desktop\Semester 6\CS533 - ML for EDA\abc-master\tech_lib\cadence.genlib,C:\Users\daksh\AppData\Local\Temp\abc_tech_lib\cadence.genlib,C:\Users\daksh\AppData\Local\Temp\abc_tech_lib\cadence.super,map -B 0.9,read_library /mnt/c/Users/daksh/AppData/Local/Temp/abc_tech_lib/cadence.genlib
log2_orig,abc1,log2_orig_abc1_opt,18730.43,cadence.genlib,C:\Users\daksh\Desktop\Semester 6\CS533 - ML for EDA\abc-master\tech_lib\cadence.genlib,C:\Users\daksh\AppData\Local\Temp\abc_tech_lib\cadence.genlib,C:\Users\daksh\AppData\Local\Temp\abc_tech_lib\cadence.super,map -B 0.9,read_library /mnt/c/Users/daksh/AppData/Local/Temp/abc_tech_lib/cadence.genlib
log2_orig,abc10,log2_orig_abc10_opt,19003.52,cadence.genlib,C:\Users\daksh\Desktop\Semester 6\CS533 - ML for EDA\abc-master\tech_lib\cadence.genlib,C:\Users\daksh\AppData\Local\Temp\abc_tech_lib\cadence.genlib,C:\Users\daksh\AppData\Local\Temp\abc_tech_lib\cadence.super,map -B 0.9,read_library /mnt/c/Users/daksh/AppData/Local/Temp/abc_tech_lib/cadence.genlib
log2_orig,abc11,log2_orig_abc11_opt,19157.71,cadence.genlib,C:\Users\daksh\Desktop\Semester 6\CS533 - ML for EDA\abc-master\tech_lib\cadence.genlib,C:\Users\daksh\AppData\Local\Temp\abc_tech_lib\cadence.genlib,C:\Users\daksh\AppData\Local\Temp\abc_tech_lib\cadence.super,map -B 0.9,read_library /mnt/c/Users/daksh/AppData/Local/Temp/abc_tech_lib/cadence.genlib
log2_orig,abc12,log2_orig_abc12_opt,19858.85,cadence.genlib,C:\Users\daksh\Desktop\Semester 6\CS533 - ML for EDA\abc-master\tech_lib\cadence.genlib,C:\Users\daksh\AppData\Local\Temp\abc_tech_lib\cadence.genlib,C:\Users\daksh\AppData\Local\Temp\abc_tech_lib\cadence.super,map -B 0.9,read_library /mnt/c/Users/daksh/AppData/Local/Temp/abc_tech_lib/cadence.genlib
log2_orig,abc13,log2_orig_abc13_opt,18963.75,cadence.genlib,C:\Users\daksh\Desktop\Semester 6\CS533 - ML for EDA\abc-master\tech_lib\cadence.genlib,C:\Users\daksh\AppData\Local\Temp\abc_tech_lib\cadence.genlib,C:\Users\daksh\AppData\Local\Temp\abc_tech_lib\cadence.super,map -B 0.9,read_library /mnt/c/Users/daksh/AppData/Local/Temp/abc_tech_lib/cadence.genlib
log2_orig,abc14,log2_orig_abc14_opt,19134.46,cadence.genlib,C:\Users\daksh\Desktop\Semester 6\CS533 - ML for EDA\abc-master\tech_lib\cadence.genlib,C:\Users\daksh\AppData\Local\Temp\abc_tech_lib\cadence.genlib,C:\Users\daksh\AppData\Local\Temp\abc_tech_lib\cadence.super,map -B 0.9,read_library /mnt/c/Users/daksh/AppData/Local/Temp/abc_tech_lib/cadence.genlib
log2_orig,abc15,log2_orig_abc15_opt,19764.57,cadence.genlib,C:\Users\daksh\Desktop\Semester 6\CS533 - ML for EDA\abc-master\tech_lib\cadence.genlib,C:\Users\daksh\AppData\Local\Temp\abc_tech_lib\cadence.genlib,C:\Users\daksh\AppData\Local\Temp\abc_tech_lib\cadence.super,map -B 0.9,read_library /mnt/c/Users/daksh/AppData/Local/Temp/abc_tech_lib/cadence.genlib
log2_orig,abc2,log2_orig_abc2_opt,18850.71,cadence.genlib,C:\Users\daksh\Desktop\Semester 6\CS533 - ML for EDA\abc-master\tech_lib\cadence.genlib,C:\Users\daksh\AppData\Local\Temp\abc_tech_lib\cadence.genlib,C:\Users\daksh\AppData\Local\Temp\abc_tech_lib\cadence.super,map -B 0.9,read_library /mnt/c/Users/daksh/AppData/Local/Temp/abc_tech_lib/cadence.genlib
log2_orig,abc3,log2_orig_abc3_opt,19106.06,cadence.genlib,C:\Users\daksh\Desktop\Semester 6\CS533 - ML for EDA\abc-master\tech_lib\cadence.genlib,C:\Users\daksh\AppData\Local\Temp\abc_tech_lib\cadence.genlib,C:\Users\daksh\AppData\Local\Temp\abc_tech_lib\cadence.super,map -B 0.9,read_library /mnt/c/Users/daksh/AppData/Local/Temp/abc_tech_lib/cadence.genlib
log2_orig,abc4,log2_orig_abc4_opt,19780.6,cadence.genlib,C:\Users\daksh\Desktop\Semester 6\CS533 - ML for EDA\abc-master\tech_lib\cadence.genlib,C:\Users\daksh\AppData\Local\Temp\abc_tech_lib\cadence.genlib,C:\Users\daksh\AppData\Local\Temp\abc_tech_lib\cadence.super,map -B 0.9,read_library /mnt/c/Users/daksh/AppData/Local/Temp/abc_tech_lib/cadence.genlib
log2_orig,abc5,log2_orig_abc5_opt,18434.82,cadence.genlib,C:\Users\daksh\Desktop\Semester 6\CS533 - ML for EDA\abc-master\tech_lib\cadence.genlib,C:\Users\daksh\AppData\Local\Temp\abc_tech_lib\cadence.genlib,C:\Users\daksh\AppData\Local\Temp\abc_tech_lib\cadence.super,map -B 0.9,read_library /mnt/c/Users/daksh/AppData/Local/Temp/abc_tech_lib/cadence.genlib
log2_orig,abc6,log2_orig_abc6_opt,18788.62,cadence.genlib,C:\Users\daksh\Desktop\Semester 6\CS533 - ML for EDA\abc-master\tech_lib\cadence.genlib,C:\Users\daksh\AppData\Local\Temp\abc_tech_lib\cadence.genlib,C:\Users\daksh\AppData\Local\Temp\abc_tech_lib\cadence.super,map -B 0.9,read_library /mnt/c/Users/daksh/AppData/Local/Temp/abc_tech_lib/cadence.genlib
log2_orig,abc7,log2_orig_abc7_opt,19646.12,cadence.genlib,C:\Users\daksh\Desktop\Semester 6\CS533 - ML for EDA\abc-master\tech_lib\cadence.genlib,C:\Users\daksh\AppData\Local\Temp\abc_tech_lib\cadence.genlib,C:\Users\daksh\AppData\Local\Temp\abc_tech_lib\cadence.super,map -B 0.9,read_library /mnt/c/Users/daksh/AppData/Local/Temp/abc_tech_lib/cadence.genlib
log2_orig,abc8,log2_orig_abc8_opt,19546.65,cadence.genlib,C:\Users\daksh\Desktop\Semester 6\CS533 - ML for EDA\abc-master\tech_lib\cadence.genlib,C:\Users\daksh\AppData\Local\Temp\abc_tech_lib\cadence.genlib,C:\Users\daksh\AppData\Local\Temp\abc_tech_lib\cadence.super,map -B 0.9,read_library /mnt/c/Users/daksh/AppData/Local/Temp/abc_tech_lib/cadence.genlib
log2_orig,abc9,log2_orig_abc9_opt,18867.78,cadence.genlib,C:\Users\daksh\Desktop\Semester 6\CS533 - ML for EDA\abc-master\tech_lib\cadence.genlib,C:\Users\daksh\AppData\Local\Temp\abc_tech_lib\cadence.genlib,C:\Users\daksh\AppData\Local\Temp\abc_tech_lib\cadence.super,map -B 0.9,read_library /mnt/c/Users/daksh/AppData/Local/Temp/abc_tech_lib/cadence.genlib
max_orig,abc0,max_orig_abc0_opt,2839.25,cadence.genlib,C:\Users\daksh\Desktop\Semester 6\CS533 - ML for EDA\abc-master\tech_lib\cadence.genlib,C:\Users\daksh\AppData\Local\Temp\abc_tech_lib\cadence.genlib,C:\Users\daksh\AppData\Local\Temp\abc_tech_lib\cadence.super,map -B 0.9,read_library /mnt/c/Users/daksh/AppData/Local/Temp/abc_tech_lib/cadence.genlib
max_orig,abc1,max_orig_abc1_opt,3009.85,cadence.genlib,C:\Users\daksh\Desktop\Semester 6\CS533 - ML for EDA\abc-master\tech_lib\cadence.genlib,C:\Users\daksh\AppData\Local\Temp\abc_tech_lib\cadence.genlib,C:\Users\daksh\AppData\Local\Temp\abc_tech_lib\cadence.super,map -B 0.9,read_library /mnt/c/Users/daksh/AppData/Local/Temp/abc_tech_lib/cadence.genlib
max_orig,abc10,max_orig_abc10_opt,2546.51,cadence.genlib,C:\Users\daksh\Desktop\Semester 6\CS533 - ML for EDA\abc-master\tech_lib\cadence.genlib,C:\Users\daksh\AppData\Local\Temp\abc_tech_lib\cadence.genlib,C:\Users\daksh\AppData\Local\Temp\abc_tech_lib\cadence.super,map -B 0.9,read_library /mnt/c/Users/daksh/AppData/Local/Temp/abc_tech_lib/cadence.genlib
max_orig,abc11,max_orig_abc11_opt,2646.93,cadence.genlib,C:\Users\daksh\Desktop\Semester 6\CS533 - ML for EDA\abc-master\tech_lib\cadence.genlib,C:\Users\daksh\AppData\Local\Temp\abc_tech_lib\cadence.genlib,C:\Users\daksh\AppData\Local\Temp\abc_tech_lib\cadence.super,map -B 0.9,read_library /mnt/c/Users/daksh/AppData/Local/Temp/abc_tech_lib/cadence.genlib
max_orig,abc12,max_orig_abc12_opt,2843.76,cadence.genlib,C:\Users\daksh\Desktop\Semester 6\CS533 - ML for EDA\abc-master\tech_lib\cadence.genlib,C:\Users\daksh\AppData\Local\Temp\abc_tech_lib\cadence.genlib,C:\Users\daksh\AppData\Local\Temp\abc_tech_lib\cadence.super,map -B 0.9,read_library /mnt/c/Users/daksh/AppData/Local/Temp/abc_tech_lib/cadence.genlib
max_orig,abc13,max_orig_abc13_opt,2600.39,cadence.genlib,C:\Users\daksh\Desktop\Semester 6\CS533 - ML for EDA\abc-master\tech_lib\cadence.genlib,C:\Users\daksh\AppData\Local\Temp\abc_tech_lib\cadence.genlib,C:\Users\daksh\AppData\Local\Temp\abc_tech_lib\cadence.super,map -B 0.9,read_library /mnt/c/Users/daksh/AppData/Local/Temp/abc_tech_lib/cadence.genlib
max_orig,abc14,max_orig_abc14_opt,2862.32,cadence.genlib,C:\Users\daksh\Desktop\Semester 6\CS533 - ML for EDA\abc-master\tech_lib\cadence.genlib,C:\Users\daksh\AppData\Local\Temp\abc_tech_lib\cadence.genlib,C:\Users\daksh\AppData\Local\Temp\abc_tech_lib\cadence.super,map -B 0.9,read_library /mnt/c/Users/daksh/AppData/Local/Temp/abc_tech_lib/cadence.genlib
max_orig,abc15,max_orig_abc15_opt,2592.61,cadence.genlib,C:\Users\daksh\Desktop\Semester 6\CS533 - ML for EDA\abc-master\tech_lib\cadence.genlib,C:\Users\daksh\AppData\Local\Temp\abc_tech_lib\cadence.genlib,C:\Users\daksh\AppData\Local\Temp\abc_tech_lib\cadence.super,map -B 0.9,read_library /mnt/c/Users/daksh/AppData/Local/Temp/abc_tech_lib/cadence.genlib
max_orig,abc2,max_orig_abc2_opt,2831.7,cadence.genlib,C:\Users\daksh\Desktop\Semester 6\CS533 - ML for EDA\abc-master\tech_lib\cadence.genlib,C:\Users\daksh\AppData\Local\Temp\abc_tech_lib\cadence.genlib,C:\Users\daksh\AppData\Local\Temp\abc_tech_lib\cadence.super,map -B 0.9,read_library /mnt/c/Users/daksh/AppData/Local/Temp/abc_tech_lib/cadence.genlib
max_orig,abc3,max_orig_abc3_opt,3143.51,cadence.genlib,C:\Users\daksh\Desktop\Semester 6\CS533 - ML for EDA\abc-master\tech_lib\cadence.genlib,C:\Users\daksh\AppData\Local\Temp\abc_tech_lib\cadence.genlib,C:\Users\daksh\AppData\Local\Temp\abc_tech_lib\cadence.super,map -B 0.9,read_library /mnt/c/Users/daksh/AppData/Local/Temp/abc_tech_lib/cadence.genlib
max_orig,abc4,max_orig_abc4_opt,2916.87,cadence.genlib,C:\Users\daksh\Desktop\Semester 6\CS533 - ML for EDA\abc-master\tech_lib\cadence.genlib,C:\Users\daksh\AppData\Local\Temp\abc_tech_lib\cadence.genlib,C:\Users\daksh\AppData\Local\Temp\abc_tech_lib\cadence.super,map -B 0.9,read_library /mnt/c/Users/daksh/AppData/Local/Temp/abc_tech_lib/cadence.genlib
max_orig,abc5,max_orig_abc5_opt,2668.38,cadence.genlib,C:\Users\daksh\Desktop\Semester 6\CS533 - ML for EDA\abc-master\tech_lib\cadence.genlib,C:\Users\daksh\AppData\Local\Temp\abc_tech_lib\cadence.genlib,C:\Users\daksh\AppData\Local\Temp\abc_tech_lib\cadence.super,map -B 0.9,read_library /mnt/c/Users/daksh/AppData/Local/Temp/abc_tech_lib/cadence.genlib
max_orig,abc6,max_orig_abc6_opt,2774.92,cadence.genlib,C:\Users\daksh\Desktop\Semester 6\CS533 - ML for EDA\abc-master\tech_lib\cadence.genlib,C:\Users\daksh\AppData\Local\Temp\abc_tech_lib\cadence.genlib,C:\Users\daksh\AppData\Local\Temp\abc_tech_lib\cadence.super,map -B 0.9,read_library /mnt/c/Users/daksh/AppData/Local/Temp/abc_tech_lib/cadence.genlib
max_orig,abc7,max_orig_abc7_opt,2581.05,cadence.genlib,C:\Users\daksh\Desktop\Semester 6\CS533 - ML for EDA\abc-master\tech_lib\cadence.genlib,C:\Users\daksh\AppData\Local\Temp\abc_tech_lib\cadence.genlib,C:\Users\daksh\AppData\Local\Temp\abc_tech_lib\cadence.super,map -B 0.9,read_library /mnt/c/Users/daksh/AppData/Local/Temp/abc_tech_lib/cadence.genlib
max_orig,abc8,max_orig_abc8_opt,2682.75,cadence.genlib,C:\Users\daksh\Desktop\Semester 6\CS533 - ML for EDA\abc-master\tech_lib\cadence.genlib,C:\Users\daksh\AppData\Local\Temp\abc_tech_lib\cadence.genlib,C:\Users\daksh\AppData\Local\Temp\abc_tech_lib\cadence.super,map -B 0.9,read_library /mnt/c/Users/daksh/AppData/Local/Temp/abc_tech_lib/cadence.genlib
max_orig,abc9,max_orig_abc9_opt,2585.29,cadence.genlib,C:\Users\daksh\Desktop\Semester 6\CS533 - ML for EDA\abc-master\tech_lib\cadence.genlib,C:\Users\daksh\AppData\Local\Temp\abc_tech_lib\cadence.genlib,C:\Users\daksh\AppData\Local\Temp\abc_tech_lib\cadence.super,map -B 0.9,read_library /mnt/c/Users/daksh/AppData/Local/Temp/abc_tech_lib/cadence.genlib
mem_ctrl_orig,abc0,mem_ctrl_orig_abc0_opt,525.94,cadence.genlib,C:\Users\daksh\Desktop\Semester 6\CS533 - ML for EDA\abc-master\tech_lib\cadence.genlib,C:\Users\daksh\AppData\Local\Temp\abc_tech_lib\cadence.genlib,C:\Users\daksh\AppData\Local\Temp\abc_tech_lib\cadence.super,map -B 0.9,read_library /mnt/c/Users/daksh/AppData/Local/Temp/abc_tech_lib/cadence.genlib
mem_ctrl_orig,abc1,mem_ctrl_orig_abc1_opt,7416.45,cadence.genlib,C:\Users\daksh\Desktop\Semester 6\CS533 - ML for EDA\abc-master\tech_lib\cadence.genlib,C:\Users\daksh\AppData\Local\Temp\abc_tech_lib\cadence.genlib,C:\Users\daksh\AppData\Local\Temp\abc_tech_lib\cadence.super,map -B 0.9,read_library /mnt/c/Users/daksh/AppData/Local/Temp/abc_tech_lib/cadence.genlib
mem_ctrl_orig,abc11,mem_ctrl_orig_abc11_opt,7582.01,cadence.genlib,C:\Users\daksh\Desktop\Semester 6\CS533 - ML for EDA\abc-master\tech_lib\cadence.genlib,C:\Users\daksh\AppData\Local\Temp\abc_tech_lib\cadence.genlib,C:\Users\daksh\AppData\Local\Temp\abc_tech_lib\cadence.super,map -B 0.9,read_library /mnt/c/Users/daksh/AppData/Local/Temp/abc_tech_lib/cadence.genlib
mem_ctrl_orig,abc12,mem_ctrl_orig_abc12_opt,7905.69,cadence.genlib,C:\Users\daksh\Desktop\Semester 6\CS533 - ML for EDA\abc-master\tech_lib\cadence.genlib,C:\Users\daksh\AppData\Local\Temp\abc_tech_lib\cadence.genlib,C:\Users\daksh\AppData\Local\Temp\abc_tech_lib\cadence.super,map -B 0.9,read_library /mnt/c/Users/daksh/AppData/Local/Temp/abc_tech_lib/cadence.genlib
mem_ctrl_orig,abc13,mem_ctrl_orig_abc13_opt,7766.9,cadence.genlib,C:\Users\daksh\Desktop\Semester 6\CS533 - ML for EDA\abc-master\tech_lib\cadence.genlib,C:\Users\daksh\AppData\Local\Temp\abc_tech_lib\cadence.genlib,C:\Users\daksh\AppData\Local\Temp\abc_tech_lib\cadence.super,map -B 0.9,read_library /mnt/c/Users/daksh/AppData/Local/Temp/abc_tech_lib/cadence.genlib
mem_ctrl_orig,abc15,mem_ctrl_orig_abc15_opt,7951.86,cadence.genlib,C:\Users\daksh\Desktop\Semester 6\CS533 - ML for EDA\abc-master\tech_lib\cadence.genlib,C:\Users\daksh\AppData\Local\Temp\abc_tech_lib\cadence.genlib,C:\Users\daksh\AppData\Local\Temp\abc_tech_lib\cadence.super,map -B 0.9,read_library /mnt/c/Users/daksh/AppData/Local/Temp/abc_tech_lib/cadence.genlib
mem_ctrl_orig,abc2,mem_ctrl_orig_abc2_opt,8095.73,cadence.genlib,C:\Users\daksh\Desktop\Semester 6\CS533 - ML for EDA\abc-master\tech_lib\cadence.genlib,C:\Users\daksh\AppData\Local\Temp\abc_tech_lib\cadence.genlib,C:\Users\daksh\AppData\Local\Temp\abc_tech_lib\cadence.super,map -B 0.9,read_library /mnt/c/Users/daksh/AppData/Local/Temp/abc_tech_lib/cadence.genlib
mem_ctrl_orig,abc4,mem_ctrl_orig_abc4_opt,7778.45,cadence.genlib,C:\Users\daksh\Desktop\Semester 6\CS533 - ML for EDA\abc-master\tech_lib\cadence.genlib,C:\Users\daksh\AppData\Local\Temp\abc_tech_lib\cadence.genlib,C:\Users\daksh\AppData\Local\Temp\abc_tech_lib\cadence.super,map -B 0.9,read_library /mnt/c/Users/daksh/AppData/Local/Temp/abc_tech_lib/cadence.genlib
mem_ctrl_orig,abc5,mem_ctrl_orig_abc5_opt,7996.51,cadence.genlib,C:\Users\daksh\Desktop\Semester 6\CS533 - ML for EDA\abc-master\tech_lib\cadence.genlib,C:\Users\daksh\AppData\Local\Temp\abc_tech_lib\cadence.genlib,C:\Users\daksh\AppData\Local\Temp\abc_tech_lib\cadence.super,map -B 0.9,read_library /mnt/c/Users/daksh/AppData/Local/Temp/abc_tech_lib/cadence.genlib
mem_ctrl_orig,abc6,mem_ctrl_orig_abc6_opt,7201.75,cadence.genlib,C:\Users\daksh\Desktop\Semester 6\CS533 - ML for EDA\abc-master\tech_lib\cadence.genlib,C:\Users\daksh\AppData\Local\Temp\abc_tech_lib\cadence.genlib,C:\Users\daksh\AppData\Local\Temp\abc_tech_lib\cadence.super,map -B 0.9,read_library /mnt/c/Users/daksh/AppData/Local/Temp/abc_tech_lib/cadence.genlib
mem_ctrl_orig,abc8,mem_ctrl_orig_abc8_opt,8178.66,cadence.genlib,C:\Users\daksh\Desktop\Semester 6\CS533 - ML for EDA\abc-master\tech_lib\cadence.genlib,C:\Users\daksh\AppData\Local\Temp\abc_tech_lib\cadence.genlib,C:\Users\daksh\AppData\Local\Temp\abc_tech_lib\cadence.super,map -B 0.9,read_library /mnt/c/Users/daksh/AppData/Local/Temp/abc_tech_lib/cadence.genlib
mem_ctrl_orig,abc9,mem_ctrl_orig_abc9_opt,8231.78,cadence.genlib,C:\Users\daksh\Desktop\Semester 6\CS533 - ML for EDA\abc-master\tech_lib\cadence.genlib,C:\Users\daksh\AppData\Local\Temp\abc_tech_lib\cadence.genlib,C:\Users\daksh\AppData\Local\Temp\abc_tech_lib\cadence.super,map -B 0.9,read_library /mnt/c/Users/daksh/AppData/Local/Temp/abc_tech_lib/cadence.genlib
multiplier_orig,abc0,multiplier_orig_abc0_opt,17935.84,cadence.genlib,C:\Users\daksh\Desktop\Semester 6\CS533 - ML for EDA\abc-master\tech_lib\cadence.genlib,C:\Users\daksh\AppData\Local\Temp\abc_tech_lib\cadence.genlib,C:\Users\daksh\AppData\Local\Temp\abc_tech_lib\cadence.super,map -B 0.9,read_library /mnt/c/Users/daksh/AppData/Local/Temp/abc_tech_lib/cadence.genlib
multiplier_orig,abc1,multiplier_orig_abc1_opt,19196.44,cadence.genlib,C:\Users\daksh\Desktop\Semester 6\CS533 - ML for EDA\abc-master\tech_lib\cadence.genlib,C:\Users\daksh\AppData\Local\Temp\abc_tech_lib\cadence.genlib,C:\Users\daksh\AppData\Local\Temp\abc_tech_lib\cadence.super,map -B 0.9,read_library /mnt/c/Users/daksh/AppData/Local/Temp/abc_tech_lib/cadence.genlib
multiplier_orig,abc10,multiplier_orig_abc10_opt,18743.0,cadence.genlib,C:\Users\daksh\Desktop\Semester 6\CS533 - ML for EDA\abc-master\tech_lib\cadence.genlib,C:\Users\daksh\AppData\Local\Temp\abc_tech_lib\cadence.genlib,C:\Users\daksh\AppData\Local\Temp\abc_tech_lib\cadence.super,map -B 0.9,read_library /mnt/c/Users/daksh/AppData/Local/Temp/abc_tech_lib/cadence.genlib
multiplier_orig,abc11,multiplier_orig_abc11_opt,19073.99,cadence.genlib,C:\Users\daksh\Desktop\Semester 6\CS533 - ML for EDA\abc-master\tech_lib\cadence.genlib,C:\Users\daksh\AppData\Local\Temp\abc_tech_lib\cadence.genlib,C:\Users\daksh\AppData\Local\Temp\abc_tech_lib\cadence.super,map -B 0.9,read_library /mnt/c/Users/daksh/AppData/Local/Temp/abc_tech_lib/cadence.genlib
multiplier_orig,abc12,multiplier_orig_abc12_opt,18442.87,cadence.genlib,C:\Users\daksh\Desktop\Semester 6\CS533 - ML for EDA\abc-master\tech_lib\cadence.genlib,C:\Users\daksh\AppData\Local\Temp\abc_tech_lib\cadence.genlib,C:\Users\daksh\AppData\Local\Temp\abc_tech_lib\cadence.super,map -B 0.9,read_library /mnt/c/Users/daksh/AppData/Local/Temp/abc_tech_lib/cadence.genlib
multiplier_orig,abc13,multiplier_orig_abc13_opt,18564.09,cadence.genlib,C:\Users\daksh\Desktop\Semester 6\CS533 - ML for EDA\abc-master\tech_lib\cadence.genlib,C:\Users\daksh\AppData\Local\Temp\abc_tech_lib\cadence.genlib,C:\Users\daksh\AppData\Local\Temp\abc_tech_lib\cadence.super,map -B 0.9,read_library /mnt/c/Users/daksh/AppData/Local/Temp/abc_tech_lib/cadence.genlib
multiplier_orig,abc14,multiplier_orig_abc14_opt,18266.19,cadence.genlib,C:\Users\daksh\Desktop\Semester 6\CS533 - ML for EDA\abc-master\tech_lib\cadence.genlib,C:\Users\daksh\AppData\Local\Temp\abc_tech_lib\cadence.genlib,C:\Users\daksh\AppData\Local\Temp\abc_tech_lib\cadence.super,map -B 0.9,read_library /mnt/c/Users/daksh/AppData/Local/Temp/abc_tech_lib/cadence.genlib
multiplier_orig,abc15,multiplier_orig_abc15_opt,18910.24,cadence.genlib,C:\Users\daksh\Desktop\Semester 6\CS533 - ML for EDA\abc-master\tech_lib\cadence.genlib,C:\Users\daksh\AppData\Local\Temp\abc_tech_lib\cadence.genlib,C:\Users\daksh\AppData\Local\Temp\abc_tech_lib\cadence.super,map -B 0.9,read_library /mnt/c/Users/daksh/AppData/Local/Temp/abc_tech_lib/cadence.genlib
multiplier_orig,abc2,multiplier_orig_abc2_opt,19299.21,cadence.genlib,C:\Users\daksh\Desktop\Semester 6\CS533 - ML for EDA\abc-master\tech_lib\cadence.genlib,C:\Users\daksh\AppData\Local\Temp\abc_tech_lib\cadence.genlib,C:\Users\daksh\AppData\Local\Temp\abc_tech_lib\cadence.super,map -B 0.9,read_library /mnt/c/Users/daksh/AppData/Local/Temp/abc_tech_lib/cadence.genlib
multiplier_orig,abc3,multiplier_orig_abc3_opt,18415.74,cadence.genlib,C:\Users\daksh\Desktop\Semester 6\CS533 - ML for EDA\abc-master\tech_lib\cadence.genlib,C:\Users\daksh\AppData\Local\Temp\abc_tech_lib\cadence.genlib,C:\Users\daksh\AppData\Local\Temp\abc_tech_lib\cadence.super,map -B 0.9,read_library /mnt/c/Users/daksh/AppData/Local/Temp/abc_tech_lib/cadence.genlib
multiplier_orig,abc4,multiplier_orig_abc4_opt,19065.96,cadence.genlib,C:\Users\daksh\Desktop\Semester 6\CS533 - ML for EDA\abc-master\tech_lib\cadence.genlib,C:\Users\daksh\AppData\Local\Temp\abc_tech_lib\cadence.genlib,C:\Users\daksh\AppData\Local\Temp\abc_tech_lib\cadence.super,map -B 0.9,read_library /mnt/c/Users/daksh/AppData/Local/Temp/abc_tech_lib/cadence.genlib
multiplier_orig,abc5,multiplier_orig_abc5_opt,19202.54,cadence.genlib,C:\Users\daksh\Desktop\Semester 6\CS533 - ML for EDA\abc-master\tech_lib\cadence.genlib,C:\Users\daksh\AppData\Local\Temp\abc_tech_lib\cadence.genlib,C:\Users\daksh\AppData\Local\Temp\abc_tech_lib\cadence.super,map -B 0.9,read_library /mnt/c/Users/daksh/AppData/Local/Temp/abc_tech_lib/cadence.genlib
multiplier_orig,abc6,multiplier_orig_abc6_opt,19155.78,cadence.genlib,C:\Users\daksh\Desktop\Semester 6\CS533 - ML for EDA\abc-master\tech_lib\cadence.genlib,C:\Users\daksh\AppData\Local\Temp\abc_tech_lib\cadence.genlib,C:\Users\daksh\AppData\Local\Temp\abc_tech_lib\cadence.super,map -B 0.9,read_library /mnt/c/Users/daksh/AppData/Local/Temp/abc_tech_lib/cadence.genlib
multiplier_orig,abc7,multiplier_orig_abc7_opt,19335.9,cadence.genlib,C:\Users\daksh\Desktop\Semester 6\CS533 - ML for EDA\abc-master\tech_lib\cadence.genlib,C:\Users\daksh\AppData\Local\Temp\abc_tech_lib\cadence.genlib,C:\Users\daksh\AppData\Local\Temp\abc_tech_lib\cadence.super,map -B 0.9,read_library /mnt/c/Users/daksh/AppData/Local/Temp/abc_tech_lib/cadence.genlib
multiplier_orig,abc8,multiplier_orig_abc8_opt,18921.52,cadence.genlib,C:\Users\daksh\Desktop\Semester 6\CS533 - ML for EDA\abc-master\tech_lib\cadence.genlib,C:\Users\daksh\AppData\Local\Temp\abc_tech_lib\cadence.genlib,C:\Users\daksh\AppData\Local\Temp\abc_tech_lib\cadence.super,map -B 0.9,read_library /mnt/c/Users/daksh/AppData/Local/Temp/abc_tech_lib/cadence.genlib
multiplier_orig,abc9,multiplier_orig_abc9_opt,19038.65,cadence.genlib,C:\Users\daksh\Desktop\Semester 6\CS533 - ML for EDA\abc-master\tech_lib\cadence.genlib,C:\Users\daksh\AppData\Local\Temp\abc_tech_lib\cadence.genlib,C:\Users\daksh\AppData\Local\Temp\abc_tech_lib\cadence.super,map -B 0.9,read_library /mnt/c/Users/daksh/AppData/Local/Temp/abc_tech_lib/cadence.genlib
sha256_orig,abc0,sha256_orig_abc0_opt,15261.41,cadence.genlib,C:\Users\daksh\Desktop\Semester 6\CS533 - ML for EDA\abc-master\tech_lib\cadence.genlib,C:\Users\daksh\AppData\Local\Temp\abc_tech_lib\cadence.genlib,C:\Users\daksh\AppData\Local\Temp\abc_tech_lib\cadence.super,map -B 0.9,read_library /mnt/c/Users/daksh/AppData/Local/Temp/abc_tech_lib/cadence.genlib
sha256_orig,abc1,sha256_orig_abc1_opt,16608.26,cadence.genlib,C:\Users\daksh\Desktop\Semester 6\CS533 - ML for EDA\abc-master\tech_lib\cadence.genlib,C:\Users\daksh\AppData\Local\Temp\abc_tech_lib\cadence.genlib,C:\Users\daksh\AppData\Local\Temp\abc_tech_lib\cadence.super,map -B 0.9,read_library /mnt/c/Users/daksh/AppData/Local/Temp/abc_tech_lib/cadence.genlib
sha256_orig,abc10,sha256_orig_abc10_opt,13283.44,cadence.genlib,C:\Users\daksh\Desktop\Semester 6\CS533 - ML for EDA\abc-master\tech_lib\cadence.genlib,C:\Users\daksh\AppData\Local\Temp\abc_tech_lib\cadence.genlib,C:\Users\daksh\AppData\Local\Temp\abc_tech_lib\cadence.super,map -B 0.9,read_library /mnt/c/Users/daksh/AppData/Local/Temp/abc_tech_lib/cadence.genlib
sha256_orig,abc11,sha256_orig_abc11_opt,15529.78,cadence.genlib,C:\Users\daksh\Desktop\Semester 6\CS533 - ML for EDA\abc-master\tech_lib\cadence.genlib,C:\Users\daksh\AppData\Local\Temp\abc_tech_lib\cadence.genlib,C:\Users\daksh\AppData\Local\Temp\abc_tech_lib\cadence.super,map -B 0.9,read_library /mnt/c/Users/daksh/AppData/Local/Temp/abc_tech_lib/cadence.genlib
sha256_orig,abc12,sha256_orig_abc12_opt,13393.19,cadence.genlib,C:\Users\daksh\Desktop\Semester 6\CS533 - ML for EDA\abc-master\tech_lib\cadence.genlib,C:\Users\daksh\AppData\Local\Temp\abc_tech_lib\cadence.genlib,C:\Users\daksh\AppData\Local\Temp\abc_tech_lib\cadence.super,map -B 0.9,read_library /mnt/c/Users/daksh/AppData/Local/Temp/abc_tech_lib/cadence.genlib
sha256_orig,abc13,sha256_orig_abc13_opt,16166.48,cadence.genlib,C:\Users\daksh\Desktop\Semester 6\CS533 - ML for EDA\abc-master\tech_lib\cadence.genlib,C:\Users\daksh\AppData\Local\Temp\abc_tech_lib\cadence.genlib,C:\Users\daksh\AppData\Local\Temp\abc_tech_lib\cadence.super,map -B 0.9,read_library /mnt/c/Users/daksh/AppData/Local/Temp/abc_tech_lib/cadence.genlib
sha256_orig,abc14,sha256_orig_abc14_opt,16240.38,cadence.genlib,C:\Users\daksh\Desktop\Semester 6\CS533 - ML for EDA\abc-master\tech_lib\cadence.genlib,C:\Users\daksh\AppData\Local\Temp\abc_tech_lib\cadence.genlib,C:\Users\daksh\AppData\Local\Temp\abc_tech_lib\cadence.super,map -B 0.9,read_library /mnt/c/Users/daksh/AppData/Local/Temp/abc_tech_lib/cadence.genlib
sha256_orig,abc15,sha256_orig_abc15_opt,16592.75,cadence.genlib,C:\Users\daksh\Desktop\Semester 6\CS533 - ML for EDA\abc-master\tech_lib\cadence.genlib,C:\Users\daksh\AppData\Local\Temp\abc_tech_lib\cadence.genlib,C:\Users\daksh\AppData\Local\Temp\abc_tech_lib\cadence.super,map -B 0.9,read_library /mnt/c/Users/daksh/AppData/Local/Temp/abc_tech_lib/cadence.genlib
sha256_orig,abc2,sha256_orig_abc2_opt,13357.82,cadence.genlib,C:\Users\daksh\Desktop\Semester 6\CS533 - ML for EDA\abc-master\tech_lib\cadence.genlib,C:\Users\daksh\AppData\Local\Temp\abc_tech_lib\cadence.genlib,C:\Users\daksh\AppData\Local\Temp\abc_tech_lib\cadence.super,map -B 0.9,read_library /mnt/c/Users/daksh/AppData/Local/Temp/abc_tech_lib/cadence.genlib
sha256_orig,abc3,sha256_orig_abc3_opt,13852.99,cadence.genlib,C:\Users\daksh\Desktop\Semester 6\CS533 - ML for EDA\abc-master\tech_lib\cadence.genlib,C:\Users\daksh\AppData\Local\Temp\abc_tech_lib\cadence.genlib,C:\Users\daksh\AppData\Local\Temp\abc_tech_lib\cadence.super,map -B 0.9,read_library /mnt/c/Users/daksh/AppData/Local/Temp/abc_tech_lib/cadence.genlib
sha256_orig,abc4,sha256_orig_abc4_opt,16489.27,cadence.genlib,C:\Users\daksh\Desktop\Semester 6\CS533 - ML for EDA\abc-master\tech_lib\cadence.genlib,C:\Users\daksh\AppData\Local\Temp\abc_tech_lib\cadence.genlib,C:\Users\daksh\AppData\Local\Temp\abc_tech_lib\cadence.super,map -B 0.9,read_library /mnt/c/Users/daksh/AppData/Local/Temp/abc_tech_lib/cadence.genlib
sha256_orig,abc5,sha256_orig_abc5_opt,15098.05,cadence.genlib,C:\Users\daksh\Desktop\Semester 6\CS533 - ML for EDA\abc-master\tech_lib\cadence.genlib,C:\Users\daksh\AppData\Local\Temp\abc_tech_lib\cadence.genlib,C:\Users\daksh\AppData\Local\Temp\abc_tech_lib\cadence.super,map -B 0.9,read_library /mnt/c/Users/daksh/AppData/Local/Temp/abc_tech_lib/cadence.genlib
sha256_orig,abc6,sha256_orig_abc6_opt,16458.28,cadence.genlib,C:\Users\daksh\Desktop\Semester 6\CS533 - ML for EDA\abc-master\tech_lib\cadence.genlib,C:\Users\daksh\AppData\Local\Temp\abc_tech_lib\cadence.genlib,C:\Users\daksh\AppData\Local\Temp\abc_tech_lib\cadence.super,map -B 0.9,read_library /mnt/c/Users/daksh/AppData/Local/Temp/abc_tech_lib/cadence.genlib
sha256_orig,abc7,sha256_orig_abc7_opt,14714.22,cadence.genlib,C:\Users\daksh\Desktop\Semester 6\CS533 - ML for EDA\abc-master\tech_lib\cadence.genlib,C:\Users\daksh\AppData\Local\Temp\abc_tech_lib\cadence.genlib,C:\Users\daksh\AppData\Local\Temp\abc_tech_lib\cadence.super,map -B 0.9,read_library /mnt/c/Users/daksh/AppData/Local/Temp/abc_tech_lib/cadence.genlib
sha256_orig,abc8,sha256_orig_abc8_opt,16324.21,cadence.genlib,C:\Users\daksh\Desktop\Semester 6\CS533 - ML for EDA\abc-master\tech_lib\cadence.genlib,C:\Users\daksh\AppData\Local\Temp\abc_tech_lib\cadence.genlib,C:\Users\daksh\AppData\Local\Temp\abc_tech_lib\cadence.super,map -B 0.9,read_library /mnt/c/Users/daksh/AppData/Local/Temp/abc_tech_lib/cadence.genlib
sha256_orig,abc9,sha256_orig_abc9_opt,13103.79,cadence.genlib,C:\Users\daksh\Desktop\Semester 6\CS533 - ML for EDA\abc-master\tech_lib\cadence.genlib,C:\Users\daksh\AppData\Local\Temp\abc_tech_lib\cadence.genlib,C:\Users\daksh\AppData\Local\Temp\abc_tech_lib\cadence.super,map -B 0.9,read_library /mnt/c/Users/daksh/AppData/Local/Temp/abc_tech_lib/cadence.genlib
sqrt_orig,abc0,sqrt_orig_abc0_opt,21498.8,cadence.genlib,C:\Users\daksh\Desktop\Semester 6\CS533 - ML for EDA\abc-master\tech_lib\cadence.genlib,C:\Users\daksh\AppData\Local\Temp\abc_tech_lib\cadence.genlib,C:\Users\daksh\AppData\Local\Temp\abc_tech_lib\cadence.super,map -B 0.9,read_library /mnt/c/Users/daksh/AppData/Local/Temp/abc_tech_lib/cadence.genlib
sqrt_orig,abc1,sqrt_orig_abc1_opt,17834.98,cadence.genlib,C:\Users\daksh\Desktop\Semester 6\CS533 - ML for EDA\abc-master\tech_lib\cadence.genlib,C:\Users\daksh\AppData\Local\Temp\abc_tech_lib\cadence.genlib,C:\Users\daksh\AppData\Local\Temp\abc_tech_lib\cadence.super,map -B 0.9,read_library /mnt/c/Users/daksh/AppData/Local/Temp/abc_tech_lib/cadence.genlib
sqrt_orig,abc10,sqrt_orig_abc10_opt,21624.62,cadence.genlib,C:\Users\daksh\Desktop\Semester 6\CS533 - ML for EDA\abc-master\tech_lib\cadence.genlib,C:\Users\daksh\AppData\Local\Temp\abc_tech_lib\cadence.genlib,C:\Users\daksh\AppData\Local\Temp\abc_tech_lib\cadence.super,map -B 0.9,read_library /mnt/c/Users/daksh/AppData/Local/Temp/abc_tech_lib/cadence.genlib
sqrt_orig,abc11,sqrt_orig_abc11_opt,21543.01,cadence.genlib,C:\Users\daksh\Desktop\Semester 6\CS533 - ML for EDA\abc-master\tech_lib\cadence.genlib,C:\Users\daksh\AppData\Local\Temp\abc_tech_lib\cadence.genlib,C:\Users\daksh\AppData\Local\Temp\abc_tech_lib\cadence.super,map -B 0.9,read_library /mnt/c/Users/daksh/AppData/Local/Temp/abc_tech_lib/cadence.genlib
sqrt_orig,abc12,sqrt_orig_abc12_opt,21818.96,cadence.genlib,C:\Users\daksh\Desktop\Semester 6\CS533 - ML for EDA\abc-master\tech_lib\cadence.genlib,C:\Users\daksh\AppData\Local\Temp\abc_tech_lib\cadence.genlib,C:\Users\daksh\AppData\Local\Temp\abc_tech_lib\cadence.super,map -B 0.9,read_library /mnt/c/Users/daksh/AppData/Local/Temp/abc_tech_lib/cadence.genlib
sqrt_orig,abc13,sqrt_orig_abc13_opt,23849.97,cadence.genlib,C:\Users\daksh\Desktop\Semester 6\CS533 - ML for EDA\abc-master\tech_lib\cadence.genlib,C:\Users\daksh\AppData\Local\Temp\abc_tech_lib\cadence.genlib,C:\Users\daksh\AppData\Local\Temp\abc_tech_lib\cadence.super,map -B 0.9,read_library /mnt/c/Users/daksh/AppData/Local/Temp/abc_tech_lib/cadence.genlib
sqrt_orig,abc14,sqrt_orig_abc14_opt,26239.88,cadence.genlib,C:\Users\daksh\Desktop\Semester 6\CS533 - ML for EDA\abc-master\tech_lib\cadence.genlib,C:\Users\daksh\AppData\Local\Temp\abc_tech_lib\cadence.genlib,C:\Users\daksh\AppData\Local\Temp\abc_tech_lib\cadence.super,map -B 0.9,read_library /mnt/c/Users/daksh/AppData/Local/Temp/abc_tech_lib/cadence.genlib
sqrt_orig,abc15,sqrt_orig_abc15_opt,20341.89,cadence.genlib,C:\Users\daksh\Desktop\Semester 6\CS533 - ML for EDA\abc-master\tech_lib\cadence.genlib,C:\Users\daksh\AppData\Local\Temp\abc_tech_lib\cadence.genlib,C:\Users\daksh\AppData\Local\Temp\abc_tech_lib\cadence.super,map -B 0.9,read_library /mnt/c/Users/daksh/AppData/Local/Temp/abc_tech_lib/cadence.genlib
sqrt_orig,abc2,sqrt_orig_abc2_opt,20070.43,cadence.genlib,C:\Users\daksh\Desktop\Semester 6\CS533 - ML for EDA\abc-master\tech_lib\cadence.genlib,C:\Users\daksh\AppData\Local\Temp\abc_tech_lib\cadence.genlib,C:\Users\daksh\AppData\Local\Temp\abc_tech_lib\cadence.super,map -B 0.9,read_library /mnt/c/Users/daksh/AppData/Local/Temp/abc_tech_lib/cadence.genlib
sqrt_orig,abc3,sqrt_orig_abc3_opt,22449.07,cadence.genlib,C:\Users\daksh\Desktop\Semester 6\CS533 - ML for EDA\abc-master\tech_lib\cadence.genlib,C:\Users\daksh\AppData\Local\Temp\abc_tech_lib\cadence.genlib,C:\Users\daksh\AppData\Local\Temp\abc_tech_lib\cadence.super,map -B 0.9,read_library /mnt/c/Users/daksh/AppData/Local/Temp/abc_tech_lib/cadence.genlib
sqrt_orig,abc4,sqrt_orig_abc4_opt,20993.1,cadence.genlib,C:\Users\daksh\Desktop\Semester 6\CS533 - ML for EDA\abc-master\tech_lib\cadence.genlib,C:\Users\daksh\AppData\Local\Temp\abc_tech_lib\cadence.genlib,C:\Users\daksh\AppData\Local\Temp\abc_tech_lib\cadence.super,map -B 0.9,read_library /mnt/c/Users/daksh/AppData/Local/Temp/abc_tech_lib/cadence.genlib
sqrt_orig,abc5,sqrt_orig_abc5_opt,20891.36,cadence.genlib,C:\Users\daksh\Desktop\Semester 6\CS533 - ML for EDA\abc-master\tech_lib\cadence.genlib,C:\Users\daksh\AppData\Local\Temp\abc_tech_lib\cadence.genlib,C:\Users\daksh\AppData\Local\Temp\abc_tech_lib\cadence.super,map -B 0.9,read_library /mnt/c/Users/daksh/AppData/Local/Temp/abc_tech_lib/cadence.genlib
sqrt_orig,abc6,sqrt_orig_abc6_opt,21364.11,cadence.genlib,C:\Users\daksh\Desktop\Semester 6\CS533 - ML for EDA\abc-master\tech_lib\cadence.genlib,C:\Users\daksh\AppData\Local\Temp\abc_tech_lib\cadence.genlib,C:\Users\daksh\AppData\Local\Temp\abc_tech_lib\cadence.super,map -B 0.9,read_library /mnt/c/Users/daksh/AppData/Local/Temp/abc_tech_lib/cadence.genlib
sqrt_orig,abc7,sqrt_orig_abc7_opt,18178.25,cadence.genlib,C:\Users\daksh\Desktop\Semester 6\CS533 - ML for EDA\abc-master\tech_lib\cadence.genlib,C:\Users\daksh\AppData\Local\Temp\abc_tech_lib\cadence.genlib,C:\Users\daksh\AppData\Local\Temp\abc_tech_lib\cadence.super,map -B 0.9,read_library /mnt/c/Users/daksh/AppData/Local/Temp/abc_tech_lib/cadence.genlib
sqrt_orig,abc8,sqrt_orig_abc8_opt,20153.86,cadence.genlib,C:\Users\daksh\Desktop\Semester 6\CS533 - ML for EDA\abc-master\tech_lib\cadence.genlib,C:\Users\daksh\AppData\Local\Temp\abc_tech_lib\cadence.genlib,C:\Users\daksh\AppData\Local\Temp\abc_tech_lib\cadence.super,map -B 0.9,read_library /mnt/c/Users/daksh/AppData/Local/Temp/abc_tech_lib/cadence.genlib
sqrt_orig,abc9,sqrt_orig_abc9_opt,16500.72,cadence.genlib,C:\Users\daksh\Desktop\Semester 6\CS533 - ML for EDA\abc-master\tech_lib\cadence.genlib,C:\Users\daksh\AppData\Local\Temp\abc_tech_lib\cadence.genlib,C:\Users\daksh\AppData\Local\Temp\abc_tech_lib\cadence.super,map -B 0.9,read_library /mnt/c/Users/daksh/AppData/Local/Temp/abc_tech_lib/cadence.genlib
square_orig,abc0,square_orig_abc0_opt,11639.94,cadence.genlib,C:\Users\daksh\Desktop\Semester 6\CS533 - ML for EDA\abc-master\tech_lib\cadence.genlib,C:\Users\daksh\AppData\Local\Temp\abc_tech_lib\cadence.genlib,C:\Users\daksh\AppData\Local\Temp\abc_tech_lib\cadence.super,map -B 0.9,read_library /mnt/c/Users/daksh/AppData/Local/Temp/abc_tech_lib/cadence.genlib
square_orig,abc1,square_orig_abc1_opt,14481.06,cadence.genlib,C:\Users\daksh\Desktop\Semester 6\CS533 - ML for EDA\abc-master\tech_lib\cadence.genlib,C:\Users\daksh\AppData\Local\Temp\abc_tech_lib\cadence.genlib,C:\Users\daksh\AppData\Local\Temp\abc_tech_lib\cadence.super,map -B 0.9,read_library /mnt/c/Users/daksh/AppData/Local/Temp/abc_tech_lib/cadence.genlib
square_orig,abc10,square_orig_abc10_opt,12970.51,cadence.genlib,C:\Users\daksh\Desktop\Semester 6\CS533 - ML for EDA\abc-master\tech_lib\cadence.genlib,C:\Users\daksh\AppData\Local\Temp\abc_tech_lib\cadence.genlib,C:\Users\daksh\AppData\Local\Temp\abc_tech_lib\cadence.super,map -B 0.9,read_library /mnt/c/Users/daksh/AppData/Local/Temp/abc_tech_lib/cadence.genlib
square_orig,abc11,square_orig_abc11_opt,11715.25,cadence.genlib,C:\Users\daksh\Desktop\Semester 6\CS533 - ML for EDA\abc-master\tech_lib\cadence.genlib,C:\Users\daksh\AppData\Local\Temp\abc_tech_lib\cadence.genlib,C:\Users\daksh\AppData\Local\Temp\abc_tech_lib\cadence.super,map -B 0.9,read_library /mnt/c/Users/daksh/AppData/Local/Temp/abc_tech_lib/cadence.genlib
square_orig,abc12,square_orig_abc12_opt,11806.73,cadence.genlib,C:\Users\daksh\Desktop\Semester 6\CS533 - ML for EDA\abc-master\tech_lib\cadence.genlib,C:\Users\daksh\AppData\Local\Temp\abc_tech_lib\cadence.genlib,C:\Users\daksh\AppData\Local\Temp\abc_tech_lib\cadence.super,map -B 0.9,read_library /mnt/c/Users/daksh/AppData/Local/Temp/abc_tech_lib/cadence.genlib
square_orig,abc13,square_orig_abc13_opt,11706.05,cadence.genlib,C:\Users\daksh\Desktop\Semester 6\CS533 - ML for EDA\abc-master\tech_lib\cadence.genlib,C:\Users\daksh\AppData\Local\Temp\abc_tech_lib\cadence.genlib,C:\Users\daksh\AppData\Local\Temp\abc_tech_lib\cadence.super,map -B 0.9,read_library /mnt/c/Users/daksh/AppData/Local/Temp/abc_tech_lib/cadence.genlib
square_orig,abc14,square_orig_abc14_opt,11912.96,cadence.genlib,C:\Users\daksh\Desktop\Semester 6\CS533 - ML for EDA\abc-master\tech_lib\cadence.genlib,C:\Users\daksh\AppData\Local\Temp\abc_tech_lib\cadence.genlib,C:\Users\daksh\AppData\Local\Temp\abc_tech_lib\cadence.super,map -B 0.9,read_library /mnt/c/Users/daksh/AppData/Local/Temp/abc_tech_lib/cadence.genlib
square_orig,abc15,square_orig_abc15_opt,12660.87,cadence.genlib,C:\Users\daksh\Desktop\Semester 6\CS533 - ML for EDA\abc-master\tech_lib\cadence.genlib,C:\Users\daksh\AppData\Local\Temp\abc_tech_lib\cadence.genlib,C:\Users\daksh\AppData\Local\Temp\abc_tech_lib\cadence.super,map -B 0.9,read_library /mnt/c/Users/daksh/AppData/Local/Temp/abc_tech_lib/cadence.genlib
square_orig,abc2,square_orig_abc2_opt,14966.31,cadence.genlib,C:\Users\daksh\Desktop\Semester 6\CS533 - ML for EDA\abc-master\tech_lib\cadence.genlib,C:\Users\daksh\AppData\Local\Temp\abc_tech_lib\cadence.genlib,C:\Users\daksh\AppData\Local\Temp\abc_tech_lib\cadence.super,map -B 0.9,read_library /mnt/c/Users/daksh/AppData/Local/Temp/abc_tech_lib/cadence.genlib
square_orig,abc3,square_orig_abc3_opt,14129.04,cadence.genlib,C:\Users\daksh\Desktop\Semester 6\CS533 - ML for EDA\abc-master\tech_lib\cadence.genlib,C:\Users\daksh\AppData\Local\Temp\abc_tech_lib\cadence.genlib,C:\Users\daksh\AppData\Local\Temp\abc_tech_lib\cadence.super,map -B 0.9,read_library /mnt/c/Users/daksh/AppData/Local/Temp/abc_tech_lib/cadence.genlib
square_orig,abc4,square_orig_abc4_opt,12424.59,cadence.genlib,C:\Users\daksh\Desktop\Semester 6\CS533 - ML for EDA\abc-master\tech_lib\cadence.genlib,C:\Users\daksh\AppData\Local\Temp\abc_tech_lib\cadence.genlib,C:\Users\daksh\AppData\Local\Temp\abc_tech_lib\cadence.super,map -B 0.9,read_library /mnt/c/Users/daksh/AppData/Local/Temp/abc_tech_lib/cadence.genlib
square_orig,abc5,square_orig_abc5_opt,12740.67,cadence.genlib,C:\Users\daksh\Desktop\Semester 6\CS533 - ML for EDA\abc-master\tech_lib\cadence.genlib,C:\Users\daksh\AppData\Local\Temp\abc_tech_lib\cadence.genlib,C:\Users\daksh\AppData\Local\Temp\abc_tech_lib\cadence.super,map -B 0.9,read_library /mnt/c/Users/daksh/AppData/Local/Temp/abc_tech_lib/cadence.genlib
square_orig,abc6,square_orig_abc6_opt,11769.86,cadence.genlib,C:\Users\daksh\Desktop\Semester 6\CS533 - ML for EDA\abc-master\tech_lib\cadence.genlib,C:\Users\daksh\AppData\Local\Temp\abc_tech_lib\cadence.genlib,C:\Users\daksh\AppData\Local\Temp\abc_tech_lib\cadence.super,map -B 0.9,read_library /mnt/c/Users/daksh/AppData/Local/Temp/abc_tech_lib/cadence.genlib
square_orig,abc7,square_orig_abc7_opt,11871.51,cadence.genlib,C:\Users\daksh\Desktop\Semester 6\CS533 - ML for EDA\abc-master\tech_lib\cadence.genlib,C:\Users\daksh\AppData\Local\Temp\abc_tech_lib\cadence.genlib,C:\Users\daksh\AppData\Local\Temp\abc_tech_lib\cadence.super,map -B 0.9,read_library /mnt/c/Users/daksh/AppData/Local/Temp/abc_tech_lib/cadence.genlib
square_orig,abc8,square_orig_abc8_opt,11654.58,cadence.genlib,C:\Users\daksh\Desktop\Semester 6\CS533 - ML for EDA\abc-master\tech_lib\cadence.genlib,C:\Users\daksh\AppData\Local\Temp\abc_tech_lib\cadence.genlib,C:\Users\daksh\AppData\Local\Temp\abc_tech_lib\cadence.super,map -B 0.9,read_library /mnt/c/Users/daksh/AppData/Local/Temp/abc_tech_lib/cadence.genlib
square_orig,abc9,square_orig_abc9_opt,11953.23,cadence.genlib,C:\Users\daksh\Desktop\Semester 6\CS533 - ML for EDA\abc-master\tech_lib\cadence.genlib,C:\Users\daksh\AppData\Local\Temp\abc_tech_lib\cadence.genlib,C:\Users\daksh\AppData\Local\Temp\abc_tech_lib\cadence.super,map -B 0.9,read_library /mnt/c/Users/daksh/AppData/Local/Temp/abc_tech_lib/cadence.genlib
